long_form,shorthand,source
ཏིང་འཛིན་ཇི་བཞིན་རིག་ཅིང་གཟིགས་ཤིང་འཛིན,ཏིིིངིིིནིིི,rkts
བསོད་ནམས་ཕུན་སུམ་ཙཤོགས་པའི་བཀྲ་ཤིས་ཤོག,བསོདནཾས་ཕྲོུགས་པའི་བཀྲིགོ,rkts
དུག་གསུམ་བདུད་ཀུན་མྱུར་དུ་བབྟུ་ནུས་སུ,དུགསུུུུུུཾ,rkts
ཉོན་མོངས་ཚོགས་བཅོམ་མགོན་པོ་ཁྱོད་མཆོད,ཉཽཽཽཽནངས,rkts
བདེ་མེན་ཡེ་ཤས་ཆེ་སྐེ་གཏེར་དེ་དབེད,བཻཻཻཻེདན,rkts
བཅོལ་པའི་ཕྱིན་ལས་འགྲུབ་üཨར་མཛོད,བཅོབྲིུརི༹ད,rkts
བཅོལ་བའི་འཕྲིན་ལས་འགྲུབ་པར་མཛོད,བཅོིུབརི༹དོ,rkts
བཅོལ་བའི་འཕྲིན་ལས་འགྲུབ་པར་མཛོད,བཅོལནིརི༹ད,rkts
བཅོལ་བའི་འཕྲིན་ལས་འགྲུབ་པར་མཛོད,བཅྲོིུབལོར༹དོ,rkts
ཕྱོགས་བཅུའི་ལྷ་ལ་ཕྱག་འཚལ་བསྟོད,ཕྱོལྷི་ལྱ༹ལྟོད,rkts
ཕྱོགས་བཅུའི་ལྷ་ལ་ཕྱག་འཚལ་བསྡོད,ཕྱོུའི་ལྷ་ལྱ་སྟོད,rkts
དཀོན་མཆོག་གསུམ་ལ་སྐྱབས་སུ་མཆི,དཀཽགསུཾ་ལ་སྐྱབསུ་མཆི,rkts
བཙུན་འཇུང་ཆུང་ཆུང་བུ་ཆུང་ཁུར,བཙུུུུུུུན,rkts
སངས་རྒྱས་སྐྱོངས་ཀྱིས་མཛད་པའི,སངྱསྐྱོངཀྱིསཛ༹དའི,rkts
དགེ་བཤེས་པེང་གེ་བྲེ་རེ་ཁྱེར,དགཻཻཻེ,rkts
བཀྲ་ཤིས་བདེ་ལེགས་ཐོབ་པར་ཤོག,བཀྲིས་བདཻཊ་ཐོབརཤོག,rkts
ཚོགས་བསག་པ་དང་སྡིག་པ་སྦྱང་བ,བསག་སྦྱང,rkts
བོན་པོ་སྔོན་པོ་གོས་སྔོན་པོ,བཽཽཽོན,rkts
ཤེས་རབ་ཀྱི་ཕ་རོལ་ཏུ་ཕྱིན་པ,ཤེརྱིན་པ,rkts
ཚེ་རིང་ལོ་བརྒྱ་ལོན་པར་ཤོག,ཚེིངྱོནརོག,rkts
རྡོ་རྗེ་དཔལ་ལྡན་ཚུལ་ཁྲིམས,རྡོེ་དཔལྡན་ཚུལྲིས,rkts
དབྱིག་གཉེན་གྱིས་མཛད་པའི,དབྱིགཉེནྱིས༹དའི,rkts
བླ་མ་སངས་རྒྱས་རིན་པོ་ཆེ,བླཾ་སངྱས་རིནོེ,rkts
ཀླུ་སྒྲུབ་ཀྱིས་མཛད་པའི,ཀླུ་སྒྲུབྱིས༹དའི,rkts
ཆོས་སྐྱོབ་ཀྱིས་མཛད་པའི,ཆོསྐྱོབ་ཀྱིས༹དའི,rkts
བྱིན་གྱིས་བརླབ་ཏུ་གསོལ,བྱིན་གྱིས་བརླབ་ཏོུལ,rkts
བྱིན་གྱིས་བརླབ་ཏུ་གསོལ,བྱིནབླིསཏོུལ,rkts
བྱིན་གྱིས་རླབས་ཏུ་གསོལ,བྱིནླིབས་ཏོུལ,rkts
སེང་གེ་བཟང་པོས་མཛད་པའི,སེངེ་བཟངོས་མ༹དའི,rkts
སྐྱབས་འགྲོ་སེམས་བསྐྱེད,སྐྱགྲོམེདེ,rkts
ཐོགས་མེད་ཀྱིས་མཛད་པའི,ཐོཊེཾད་ཀྱིས༹དའི,rkts
བསོད་ནམས་ཕུན་ཚོགས་པའི,བསོཾདས་ཕོུཊའི,rkts
རྨ་བྱ་ཆེན་མོ་ལས་འབྱུང,རྨྱ་ཆེོན་ལསྱུང,rkts
སྐབས་འགྲོ་སེམས་བསྐྱེད,སྱྐྲོཻདམ,rkts
སྤྱན་རས་གཟིགས་ཀྱི་མཚན,སྤྱནསིཊ༹ན,rkts
ཁྱབ་བདག་གིས་གསུངས་སོ,ཁྱབདགིསུངསོ,rkts
གཟི་བརྗིད་དང་ལྡན་པའི,གཟིདིང་ལྡནའི,rkts
བསྐྱེད་བསྐྱེད་བསྐྱེད,བསྐྱཻེད,rkts
བློན་པོ་དང་འབངས་འཁོར,བློན་འབངས,rkts
རྒྱལ་པོའི་གདུང་རྒྱུད,རྒྱལོའི་གདུང་ངྱུད,rkts
རྟེན་ཅིང་འབྲེལ་འབྱུང,རྟེནིང་འབྲེལུང,rkts
ཨོ་རྒྱན་ཐོད་ཕྲེང་རྩལ,ཨྱོན་ཐྲོེང༹ལ,rkts
གཅིག་ནས་བཅུ་གསུམ་བར,གཅིགས་ཅུཾར,rkts
ཆོས་དབྱིངས་སུ་བསྡུས,ཆོསྱིངསུ་བསྡུས,rkts
ཇོབོཇོམོམཇོ་མོ་བཞོབ,ཇཽཽཽོའ,rkts
དབྱིག་གི་བློ་གྲོས་མ,དབྱིགི་བླཽསཾ,rkts
སྲིན་པོའི་གྲོང་ཁྱེར,སྲིནོའི་གྲོངེར,rkts
སློབ་དཔོན་དང་སློབ་མ,དཔོན་སློབ,rkts
ཆོས་བྱེད་རྣལ་འབྱོར,ཆྱོདེ་རྣྱོར,rkts
དཀྱིལ་འཁོར་རྒྱ་མཚོ,དཀྱིལོར་རྒྱོཾ,rkts
ཝ་རྣམས་ཀྱིས་སྨྲས་པ,ཝརྣཾསྱིསྨྲས་པ,rkts
རྒྱལ་པོ་དང་བློན་པོ,རྒྱལ་བློན,rkts
རྒྱུ་སྦྱོར་ཡོན་བདག,རྒྱོུར་ཡོནག,rkts
ལྷ་མོ་དཔལ་ལུང་བསྟན,ལྷོཾ་དཔལུངན,rkts
ཤེར་ཕྱིན་མཆོད་རྟེན,ཤེརིན་མཆོདེན,rkts
སྤོབས་པའི་བློ་གྲོས,སྤོབའི་བླཽས,rkts
གནོད་སྦྱིན་བདག་པོ,གནྱོདིནགོ,rkts
གནོད་སྦྱིན་བདག་པོ,གནྱོིདནགོ,rkts
གོན་པོ་དང་གཤིན་པོ,གསོན་གཤིན,rkts
ཆོས་ཀྱི་དབྱིངས་སུ,ཆོསྱངིསིུ,rkts
ཆོས་ཀྱི་དབྱིངས་སུ,ཆོསྱིངིསུ,rkts
ཐབས་བརྒྱ་ཇུས་སྟོང,ཐབསྱ་ཇུསྟོང,rkts
ཐུགས་རྗེ་ཆེན་པོའི,ཐྱཻོནའི,rkts
ཐུགས་ལེགས་རིན་ཆེན,ཐུཊེ་རིནེ,rkts
དབྱིག་གི་བློ་གྲོས,དབྱིགི་བླཽས,rkts
དབྱེན་གྱི་སྦྱོར་བ,དབྱེནྱི་སྦྱོར་བ,rkts
ཕྱོགས་ཀྱི་མུ་ཁྱུད,ཕྱོགསྱི་མུ་ཁྱུད,rkts
མཁྱེན་མཁྱེན་མཁྱེན,མཁྱཻེན,rkts
ཚིག་བཅད་དང་ལྷུག་མ,བཅད་ལྷུག,rkts
འཁོར་བ་དང་མྱང་འདས,འཁོར་འདས,rkts
འཇམ་དཔལ་གྱི་དབྱངས,འཇཾལྱིངས,rkts
རིགས་གསུམ་མགོན་པོ,རིགསུཾགོན,rkts
རྐྱེན་ངན་གྲོགས་ཤར,རྐྱེནྲོཊར,rkts
ལོུངས་སྦྱོད་རྫོགས,ལྱཽོངདགས,rkts
ལོ་ཙཱ་བ་དང་པཎྜི་ཏ,ལོ་པཎ,rkts
ལྷ་སྲིན་སྡེ་བརྒྱད,ལྷིེནད,rkts
ལྷ་སྲིན་སྡེ་བརྒྱད,ལྷྲིནེད,rkts
སྒོ་དྲུག་གི་གཟུངས,སྒོ་དྲུགི་གཟུངས,rkts
སྒོ་དྲུག་གི་གཟུངས,སྒོ་དྲུགིཟུངས,rkts
སྣག་ཚ་དང་སྨྱུག་གུ,སྣག་སྨྱུག,rkts
ཀུན་མཁྱེན་ཆེན་པོ,ཀུནྱཻནོ,rkts
ཁ་འཆམ་གྲོས་འགྲིག,ཁ་འཆཾ་གྲོིག,rkts
ཁམས་གསུམ་སེམས་ཅན,ཁཾསུཾ་སེཾན,rkts
ཁྱབ་བདག་གིས་གསུང,ཁྱབདགིསུང,rkts
ཆོས་ཀྱི་དབང་ཕྱུག,ཆོསྱི་དབངྱུག,rkts
ཆོས་ཀྱི་དབང་ཕྱུག,ཆོསྱི་དབདྱུག,rkts
ཆོས་ཀྱི་རྣམ་གྲངས,ཆོསྱི་རྣཾ་གྲངས,rkts
དགོངས་སུ་གསོལ་ལོ,དགོངསོུལོ,rkts
དྲུག་ནས་བཅུའི་བར,དྲུགས་བཅུའིར,rkts
བཀའ་བརྒྱད་གདམས་པ,བཀའ་བརྒྱདཾས་པ,rkts
བདག་གཞན་དོན་གཉིས,བདགཞན་དོན༢,rkts
བརྡ་སྤྲོད་དབང་པོ,བརྡྲོདབངོ,rkts
བྱང་ཆུབ་སེམས་དཔའ,བྱང་ཆུབསྡཾའ,rkts
བྱང་ཆུབ་སེམས་དཔའ,བྱུངབ་སེཾདའ,rkts
བྱང་ཆུབ་སེམས་དཔའ,བྱུངེཾའ,rkts
བྱང་ཆུབ་སེམས་དཔའ,བྱུབཾ་སེཾའ,rkts
བྱང་ཆུབ་སེམས་དཔའ,བྱེུདཾ,tibschol
མཐུ་སྟོབས་བདག་པོ,མཐོུབས་བདགོ,rkts
མདོ་ཆེན་སྟོང་ཉིད,མདོེན་སྟོངིད,rkts
ཞེས་གསུང་བའི་དོན,ཞེསུངའི་དོན,rkts
འོད་ཟེར་བྱང་སེམས,འོདེརབྱངེཾས,rkts
ཡོངས་སུ་རྫོགས་སོ,ཡོངསུ་རྫོགསོ,rkts
རིན་ཆེན་དོན་གྲུབ,རིེནྲོུབ,rkts
རིན་ཆེན་རྣམ་གསུམ,རིནེ་རྣཾ་གསུམ,rkts
རྒྱལ་ཆེན་སྡེ་དགུ,ངྱལེན་སྡེ་༩,rkts
རྡོ་རྗེ་སེམས་དཔའ,རྡོེའེཾ,rkts
རྡོ་རྗེ་སེམས་དཔའ,རྡོཻདཾས,rkts
ལོངས་སྤྱོད་རྫོགས,ལོངོདཊོ,rkts
སངས་རྒྱས་འབྲས་བུ,སངྱས་འབྲསུ,rkts
སྒོ་མཐའ་ཡས་གཟུངས,སྒོ་མཐའསྲུངས,rkts
གཉིས་གཉིས་སྤྱོད,གཉཱིསྤྱོད,rkts
གཙིགས་སུ་འཛིན་པ,གཙིགསུ་འཛིན་པ,rkts
ཆོས་ཀྱི་ཕྱག་རྒྱ,ཆོསྱི་ཕྱགྱ,rkts
ཆོས་ཀྱི་འཁོར་ལོ,ཆོསྱི་འཁཽར,rkts
ཆོས་ཀྱི་རྒྱལ་མོ,ཆོསྱི་རྒྱལོཾ,rkts
ཆོས་ཀྱི་རྗེས་སུ,ཆོསྱི་རྗེསུ,rkts
ཆོས་སྐྱོབས་སྡུས,ཆོསྐྱོབསྡུས,rkts
ཏོག་གི་བློ་གྲོས,ཏོགི་བླཽས,rkts
ཐུགས་རྗེ་ཆེན་པོ,ཐེུགས་ཆེནོ,rkts
ཐུགས་རྗེ་ཆེན་པོ,ཐཻུནོ,rkts
ཐུགས་རྗེ་ཆེན་པོ,ཐྱོཻན,rkts
དགེ་བ་དང་སྡིག་པ,དགེ་སྡིག,rkts
དབྱིག་གཉེན་གྱིས,དབྱིགཉེནྱིས,rkts
དེ་བཞིན་གཤེགས་པ,དེ་བཞིནེཊ,rkts
དེ་བཞིན་གཤེགས་པ,དེནིཊེ་པ,rkts
ནམ་མཁའ་རྒྱལ་མཚན,ནཾཁའ་རྒྱལ༹ན,rkts
ཕྱི་ནང་གསང་གསུམ,ཕྱིང་སངསུཾ,rkts
ཕྱི་ནང་གསང་གསུམ,ཕྱིངསངསུཾ,rkts
ཕྱི་ནང་གསང་གསུམ,ཕྱིངསུཾ,rkts
ཕྱུགས་ཀྱིས་ཕྱུག,ཕྱུགསྱིས་ཕྱུག,rkts
བསྡིགས་མཛུབ་མཛད,བསྡིུ༹བད,rkts
བསྡུགས་མཛུབ་མཛད,བསྡིུ༹བམད,rkts
བྱིན་གྱིས་རློབས,བྱིནྱིསློབས,rkts
བྱིན་ཆེན་ངོ་མཚར,བྱིེན་ངོར,rkts
མེད་པར་གྱུར་ཅིག,མེདར་གྱུརིག,rkts
ཟླ་གམ་གསུམ་གྱིས,ཟླཾ་གསིུམས,rkts
འགལ་རྐྱེན་བར་ཆད,འགལྱེན་བརད,rkts
འགྲོ་བ་དང་སྡད་པ,འགྲོ་སྡོད,rkts
འཇམ་དཔལ་རྡོ་རྗེ,འཇཾལ་རྡོེ,rkts
ཡིད་བཞིན་ནོར་བུ,ཡིདནིུརོ,rkts
ཡིད་བཞིན་ནོར་བུ,ཡིདིན,rkts
ཡིད་བཞིན་ནོར་བུ,ཡིདིནུར,rkts
ཡིད་བཞིན་ནོར་བུ,ཡིནོརུ,rkts
ཡེ་ཤེས་སེམས་དཔའ,ཡཻ་སེཾདའ,rkts
ཡེ་ཤེས་སེམས་དཔའ,ཡཻསཾདའ,rkts
རྡོ་རྗེ་གཞོན་ནུ,རྡོེ་གཞོནུ,rkts
ལས་ཀྱི་རྣམ་སྨིན,ལསྱི་རྣཾསྨིན,rkts
ལས་ལས་བཅོས་བཅོས,ལཱས་བཅཽས,rkts
ལུས་ངག་ཡིད་གསུམ,ལུསངིག༣,rkts
ལུས་ངག་ཡིད་གསུམ,ལུསྱངིད༣,rkts
སེམས་ཅན་བླུན་པོ,སེཾན་བླུནོ,rkts
སྣག་ཚ་དང་ཤོག་བུ,སྣག་ཤོག,rkts
ཀླུ་སྒྲུབ་ཀྱིས,ཀླུ་སྒྲུབྱིས,rkts
ཆོས་འཁོར་བསྐོར,ཆོསཽར,rkts
ཉི་མ་དང་མཚན་མོ,ཉིན་མཚན,rkts
ཐམས་ཅད་མཁྱེན་པ,ཐཾད་མྱེན་པ,rkts
དཀོན་མཆོག་གསུམ,དཀཽགསུཾ,rkts
དཀོན་མཆོག་གསུམ,དཀཽནགསུཾ,rkts
དངོས་གྲུབ་འཚོལ,དངོུབ༹ལོ,rkts
དངོས་གྲུབ་རྩོལ,དངོ་བྲུ༹ལོ,rkts
དངོས་གྲུབ་རྩོལ,དངོབརûལོ,rkts
དངོས་གྲུབ་སྩོལ,དངོུབ༹ལོ,rkts
དངོས་འཇུག་གསུམ,དངོས་འཇུགསུཾ,rkts
དབྱིག་གཉེན་གྱི,དབྱིགཉེནྱི,rkts
དབྱུ་གུ་གཅིག་པ,དབྱུ་གུཅིག་པ,rkts
དམ་པའི་ཆོས་ཀྱི,དཾ་པའི་ཆོསྱི,rkts
དུས་ཀྱི་དབྱིགས,དུས་ཀྱིད,rkts
དུས་ཀྱི་དབྱིགས,དུསིཊ,rkts
ཕྱག་རྒྱ་ཆེན་པོ,ཕྱ་རྒྱོེན,rkts
ཕྱག་རྒྱ་ཆེན་པོ,ཕྱརྒྱེནོ,rkts
ཕྱར་བ་གྲུ་གདགས,ཕྱར་བ་གྲུདཊ,rkts
བཀའ་སྲུང་དམ་ཅན,བཀྲུང་དཾན,rkts
བྱིན་གྱིས་རླབས,བྱིནབླིས,rkts
བྱིན་གྱིས་རླབས,བྱིནིབས,rkts
བྱིན་གྱིས་རླབས,བྱིནླིབས,rkts
བྱིན་རླབས་ཀྱིས,བྱིནླབསྱིས,rkts
བྲིས་པ་དང་པར་མ,བྲིས་པར,rkts
བླ་མ་དང་སློབ་པ,བླ་སློབ,rkts
མཆོག་གི་ཡེ་ཤེས,མཆོགི་ཡཻས,rkts
མདོ་ཆེན་ཆེན་པོ,མདོེནཆེནོ,rkts
མུ་གེའི་བསྐལ་པ,མེུའི་བསྐལ་པ,rkts
མེས་པོ་དང་ཚ་བོ,མེས་དབོན,rkts
མོ་གྲུས་དྲག་པོ,མྲཽུག,rkts
མོས་གུས་དྲག་པོ,མྲོུགོ,rkts
ཚེ་དང་བསོད་ནམས,ཚེ་བསོད,rkts
འཁོར་ལོ་སྡོམ་པ,འཁོརོ་སྡོཾ་པ,rkts
འཆི་མེད་དབང་མོ,འཆི་མེདབང་མོ,rkts
འཆི་མེད་དབང་མོ,འཆིདེོཾ,rkts
འཇིག་རྟེན་གསུམ,འཇིགེན་གསུཾ,rkts
འབའ་རེ་འབུར་རེ,འབཻརུ,rkts
ཡོན་ཏན་རྒྱ་ཆེར,ཡྟོན་རྒྱེར,rkts
རང་ཉིད་གཅིག་པོ,རངིད་༡་པོ,rkts
རྣམ་པར་སྣང་མཛད,རྣརྨང༹ད,rkts
རྣམ་པར་སྣང་མཛད,རྣཾརང༹ད,rkts
རྣམ་པར་སྣང་མཛད,སྣཾརང༹ད,tibschol
ལྷུན་གྱིས་གྲུབ,ལྷྲིུབ,rkts
ལྷོ་ནུབ་བདག་པོ,ལྷོུབདགོ,rkts
ས་གཞི་དང་གནམ་ག,ས་གནམ,rkts
སེམས་ཅན་ཐམས་ཅད,སེནཾད,rkts
སེམས་ཅན་ཐམས་ཅད,སེནཾདཾ,rkts
སེམས་ཅན་ཐམས་ཅད,སེཾནཐཾད,rkts
སྐྱེས་སུ་བསྐུར,སྐྱེསུ་བསྐུར,rkts
སྡོང་གྲོགས་མཛད,སྡྲོངོ༹ད,rkts
སྡོང་གྲོགས་མཛད,སྡྲཽགས༹ད,rkts
སྣང་བ་དང་མུན་པ,སྣང་མུན,rkts
སྤྲིན་གྱི་བཅུད,སྤྲིནྱི་བཅུད,rkts
ཀི་ཀི་སྭོ་སྭོ,ཀིི་སཽ,rkts
ཀི་ཀི་སྭོ་སྭོ,ཀིི་སྭཽ,rkts
ཀུན་ཏུ་བཟང་པོ,ཀུནུངོ,rkts
ཀུན་ཏུ་བཟང་པོ,ཀོུནུང,rkts
ཀླུ་ཆེན་བརྒྱད,ཀླེུནད,rkts
ཀླུ་སྒྲུབ་ཀྱི,ཀླུ་སྒྲུབྱི,rkts
ཁྲོ་བོ་ཁྲོ་མོ,ཁྲཽ་ཁྲཽ,rkts
ཁྲོ་བོ་ཆེན་པོ,ཁྲཽ་ཆེནོ,rkts
གཞན་གྱིས་གསོས,གཞནྱིསོས,rkts
གཟུག་གིན་འདུག,གཟུགིན་འདུག,rkts
གཟུགས་མེད་ཁམས,གཟེུཾད་ཁཾས,rkts
གཤིན་རྗེ་གཤེད,གཤིནེདེ,rkts
གཤིན་རྗེ་གཤེད,གཤིཻནད,rkts
གཤིན་རྗེ་གཤེད,གཤྱིནེདེ,rkts
གཤིན་རྗེ་གཤེད,ཤྱིེནད,rkts
གཤེགས་སུ་གསོལ,གཤེགསོུལ,rkts
གཤེགས་སུ་གསོལ,གཤེཊོུལ,rkts
གྱ་ལེ་གྱོལ་ལེ,གྱལོཻ,rkts
ཏན་ཏན་ཏིག་ཏིག,ཏཱན་ཏཱིག,rkts
ཐ་བོ་དང་ཞང་པོ,ཚ་ཞང,rkts
ཐུགས་ལེགས་པའི,ཐུཊེའི,rkts
དཔལ་ལྡན་ལྷ་མོ,དཔལྡན་ལྷོཾ,rkts
དབྱིངས་ཕྱུག་མ,དབྱིུངགཾ,rkts
དམག་གིས་འཇོམས,དམགིས་འཇོཾས,rkts
དུས་ཀྱི་དབྱིག,དུབྱིག,rkts
དེ་བཞིན་གཤེགས,དེནིཊེ,rkts
དེ་བཞིན་གཤེགས,དེནིཌེ,tibschol
དེ་བཞིན་གཤེགས,དེནིེཌ,tibschol
དེ་བཞིན་གཤེགས,དེབཞིངེས,rkts
ཕུན་གསུམ་ཚོགས,ཕོུུཾགས,rkts
ཕྱག་འཚལ་བསྟོད,ཕྱ༹ལོད,rkts
ཕྱག་འཚལ་བསྟོད,ཕྱ༹ལྟོད,rkts
བཞུགས་སུ་གསོལ,བཞུགསོུལ,rkts
བརྐྱུང་བསྐྲུམ,བརྐྱུངམ,rkts
བསྐྱེད་བསྐྱེད,བསྐྱཻད,rkts
བླ་མ་དང་ཡི་དམ,བླིདཾ,rkts
མགྱོགས་མགྱོགས,མགྱཽགས,rkts
ཞལ་གྱི་གདམས་པ,ཞལྱི་གདཾས་པ,rkts
འཕགས་སྐྱེས་པོ,འཕགསྐྱེསོ,rkts
འཕོངས་སྐྱོབ་མ,འཕོངསྐྱོབཾ,rkts
འོད་སྲུངས་སྡེ,འོདྲུངསྡེ,rkts
ཡེ་ཤེས་ཐིག་ལེ,ཡཻས་ཐིགེ,rkts
ཡེ་ཤེས་མཐའ་ཡས,ཡཻས་མཐའས,rkts
རྒྱ་གར་དང་བོད,རྒྱ་བོད,rkts
རྒྱ་ནག་དང་བོད,རྒྱ་བོད,rkts
རྡོ་རྗེ་དབྱངས,རྡོེངས,rkts
ལྡེམས་སེ་ལྡེམ,ལྡེཾསེ་ལྡེམ,rkts
ལྡོབས་སྐྱེན་པ,ལྡོབསྐྱེན་པ,rkts
ཤུབ་བུར་སྨྲ་བ,ཤུབུར་སྨྲ་བ,rkts
ཤེས་རབ་རལ་གྲི,ཤེརྲི,rkts
སངས་རྒྱས་ཀྱིས,སངྱསྱིས,rkts
སྐུ་གསུང་ཐུགས,སྐུགས,rkts
སྐུ་གསུང་ཐུགས,སྐུངགས,rkts
སྐུ་གསུང་ཐུགས,སྐུངཊ,rkts
སྤྱན་རས་གཟིགས,སྤྱནསི༹ཊ,rkts
སྤྱན་རས་གཟིགས,སྤྱརི༹ཊ,rkts
སྤྱན་རས་གཟིགས,སྤྱརསིཊ,rkts
སྤྱན་རས་གཟིགས,སྤྱས་གཟིགས,rkts
སྤྱན་རས་གཟིགས,སྤྱྲ༹་ཨིགས,rkts
སྲས་ཀྱིས་ན་རེ,སྲསྱིས་ནེ,rkts
ཁེངས་བསྐྱུངས,ཁྱེུངས,rkts
ཁྱིམ་བདག་གིས,ཁྱིཾ་བདགིས,rkts
ཁྱུ་མཆོག་མཚན,ཁྱུགོ༹ན,rkts
ཁྱོ་དང་ཆུང་མ,ཁྱོ་ཤུག,rkts
གཙུག་ལག་གསུམ,གཙུག་ལགསུཾ,rkts
གཞུ་ལས་སྐྱེས,གཞུ་ལསྐྱེས,rkts
གཡུང་དྲུང་ཅན,གཡུངན,rkts
གསལ་རྒྱལ་གྱི,གསལྱལྱི,rkts
གསུང་དུ་གསོལ,གསུང་དོུལ,rkts
ཅེས་གསུངས་སོ,ཅེུངསོ,rkts
ཅེས་གསུངས་སོ,ཅེསུངསོ,rkts
ཅེས་བསྟོད་དོ,ཅེསྟཽད,rkts
ཐུགས་དམ་བསྐང,ཐུཾདང,rkts
ཐུགས་དམ་བསྐང,ཐྱདཾང,rkts
ཐོད་ཕྲེང་རྩལ,ཐྲོེདང༹ལ,rkts
དབང་པོའི་གནས,དབངོསི,rkts
དབུ་བསྙུངས་པ,དབུསྙུངས་པ,rkts
དབྱིག་འཛིན་མ,དབྱིགི༹ནཾ,rkts
དམག་གིས་བཅོམ,དམགིས་བཅོཾ,rkts
དོན་ཡོད་གྲུབ,དནྲཽུདབ,rkts
དོན་ཡོད་གྲུབ,དོནྲོུབ,rkts
ཕུན་སུམ་ཚོགས,ཕུནོ༹ཊ,rkts
ཕུན་སུམ་ཚོགས,ཕུནོ༹ཾཊ,rkts
བཀའ་བརྒྱུད་པ,བཀྱུད་པ,rkts
བཀྲ་ཤིས་ཉི་མ,བཀྲིསྙི,rkts
བཅོ་བརྒྱད་བར,བཅྱོདར,rkts
བཅོམ་ལྡན་འདས,བཅོནཾས,rkts
བཅོམ་ལྡན་འདས,བཅོནྡས,rkts
བཅོམ་ལྡན་འདས,བཅོཾདནས,rkts
བཅོམ་ལྡན་འདས,བཅོཾདས,rkts
བཅོམ་ལྡན་འདས,བཅོཾནས,rkts
བཅོམ་ལྡན་འདས,བཅོཾནྡས,rkts
བཅོམ་ལྡན་འདས,བཅྡོས,rkts
བདེ་བར་གཤེགས,བདེརེཊ,rkts
བདེ་བར་གཤེགས,བདཻརགས,rkts
བསྐྱེད་རྫོགས,བསྐྱེ༹ཊོ,rkts
བསྐྱེད་རྫོགས,བསྐྱེད༹ཊོ,rkts
བསྐྱེད་རྫོགས,བསྐྱོེགས,rkts
བསྐྱེད་རྫོགས,བསྐྱོེདགས,rkts
བསྲུབས་སྐྱེས,བསྲུབསྐྱེས,rkts
བྱང་སེམས་དཀར,བྱངསེཾར,rkts
བླ་མ་དང་དམ་པ,བླཾདཾ་པ,rkts
མཐོ་རིས་གསུམ,མཐོིསུཾ,rkts
མཐོལ་ལོ་བཤགས,མཐོལོ་བཤཊ,rkts
མཐོལ་ལོ་བཤགས,མཐོལོཊ,rkts
ཞེས་གསུངས་སོ,ཞེུངསོ,rkts
ཞེས་གསུངས་སོ,ཞེསུངསོ,rkts
ཞེས་བསྟོད་དོ,ཞེསྟོདོ,rkts
ཞེས་བསྟོད་དོ,ཞེསྟཽད,rkts
འཇམ་དཔལ་གྱིས,འཇཾལྱིས,rkts
འབྲས་རྗེན་པོ,འབྲསེནོ,rkts
ཡིད་བཞིན་དབང,ཡིནིང,rkts
ཡིད་ལས་སྐྱེས,ཡིད་ལསྐྱེས,rkts
ཡོངས་སུ་གྲོལ,ཡོངསྲོུལ,rkts
ར་ཡིག་གཉིས་པ,ར་ཡིགཉིས་པ,rkts
རིག་གནས་སློབ,རིགནསློབ,rkts
རིན་ཆེན་གསུམ,རིནེ་གསུཾ,rkts
རྒྱུན་མི་འཆད,ངྱུན་མི་འཆད,rkts
རྡོ་རྗེ་འཛིན,རྡོེའི༹ན,rkts
རྫུ་འཕྲུལ་ལྔ,རྫུ་འཕྲུལྔ,rkts
རྫུ་འཕྲུལ་ལྔ,རྫྲུལྔ,rkts
ལུང་བསྟན་པའི,ལུངནའི,rkts
ལུམ་བིའི་གནས,ལུམྦིའི་གནས,rkts
ལེགས་སྦྱིན་མ,ལེགྱིནཾ,rkts
ལྷོ་ཕྱོགས་སོ,ལྷཽཊོ,rkts
སངས་རྒྱས་ཀྱི,སངྱསྱི,rkts
སྐྱབས་སུ་མཆི,སྐྱབསུ་མཆི,rkts
སྐྱེད་མོས་ཚལ,སྐྱེདོ༹ལ,rkts
སྒྲ་གཅན་གྱིས,སྒྲནྱིས,rkts
སྤྱན་རས་ཀྱིས,སྤྱནསྱི,rkts
སྨིན་དྲུག་ཅན,སྨྲིུགན,rkts
ཨོ་རྒྱན་པད་མ,ཨྱོན་པདྨ,rkts
ཨོམ་ཚུགས་སོ།,ཨོམུ༹ཊོ,rkts
ཁྱུ་མཆོག་ཅན,ཁྱུགོན,rkts
གཉིས་སུ་མེད,གཉིསེུད,rkts
གནས་སྲུང་པོ,གནསྲུངོ,rkts
གཙུག་ཏོར་ཅན,གཙོུརན,rkts
གཞོངས་སྤྱོད,གཞོངསྤྱོད,rkts
གསེར་སྐྱེམས,གསྐྱེརེཾས,rkts
གསེར་སྐྱེམས,གསྐྱཻརཾས,rkts
གསེར་སྐྱེམས,གསྱེརེསཾ,rkts
གསེར་སྐྱེམས,སྱེརཾ,rkts
གསེར་སྐྱེམས,སྱཽརཾ,rkts
གོས་སྔོན་ཅན,གོསྔོན,rkts
གྱུར་ཅིག་གུ,གྱུརིགུ,rkts
གྲངས་མེད་པར,གྲངདེར,rkts
གླང་པོ་ཆེའི,གློངེའི,rkts
ཅེས་གསུངས་པ,ཅེསུངས་པ,rkts
ཅེས་གསུངས་པ,ཅེསྱ་པ,rkts
ཅེས་སྨྲས་སོ,ཅེསྨྲསོ,rkts
ཆ་ལེ་ཆིལ་ལེ,ཆེིལེ,rkts
ཆིབས་བསྒྱུར,ཆིབསྒྱུར,rkts
ཆེ་མཆོག་ཆེན,ཆེགོེན,rkts
ཆོད་པར་གཅོད,ཆོདརོད,rkts
ཏིང་ངེ་འཛིན,ཏིངêནི,rkts
ཏིང་ངེ་འཛིན,ཏིངི༹ན,rkts
ཏིང་ངེ་འཛིན,ཏིངེ༹ནི,rkts
ཏིང་ངེ་འཛིན,ཏིངེནི༹,tibschol
ཏིང་ངེ་འཛིན,ཏིངེནི,tibschol
ཐགས་དམ་བསྐང,ཐུདཾང,rkts
ཐགས་དམ་བསྐང,ཐྱདམ,rkts
ཐུན་མོང་ཆོས,ཐོུངསོ,rkts
ཐོད་ཕྲེང་ཚལ,ཐྲོདེང༹ལ,rkts
དཀྱིལ་དཀྲུང,སྐྱིུང,rkts
དཔལ་གྱི་ལུང,དཔལྱི་ལུང,rkts
དབུགས་སྐྱེས,དབུགསྐྱེས,rkts
དབྱིངས་ཕྱུག,དབྱིུངག,rkts
དབྱིངས་ཕྱུག,དབྱིུཾག,rkts
དབྱིངས་ཕྱུག,སྦིུགཾ,rkts
དམ་ཚིག་གསུམ,དཾགི༹སུཾ,rkts
དེ་བཞིན་ཉིད,དེ་བཞིནིད,rkts
དེ་བཞིན་ཉིད,དེནིདི,rkts
དེ་བཞིན་ཉིད,དེབཞིནདི,rkts
དྲག་པོ་གསུམ,དྲོགསུཾ,rkts
ནགས་སྟུག་པོ,ནགསྟུག་པོ,rkts
ནམ་མཁའ་མཛོད,ནཾཁའོ༹ད,rkts
ནོར་རྒྱུན་མ,ནོརྒྱུན་མ,rkts
ཕྱིན་ཅི་ལོག,ཕྱིནོག,rkts
ཕྱུགས་སྐྱོང,ཕྱུགསྐྱོང,rkts
ཕྱོགས་ཕྱོགས,ཕྱཽགས,rkts
ཕྱོགས་བཅུའི,ཕྱོུའི,rkts
ཕྱོགས་སྐྱེས,ཕྱོགསྐྱེས,rkts
ཕྱོགས་སྐྱོང,ཕྱོགསྐྱོང,rkts
ཕྱོགས་སྐྱོང,ཕྱོངོ,rkts
ཕྱོགས་སྐྱོང,ཕྱོཊོང,rkts
ཕྱོགས་སྐྱོང,ཕྱཽང,rkts
བཀྲ་ཤིས་ཤོག,བཀྲིགོ,rkts
བཅོས་སུ་མེད,བཅོསུ་མེད,rkts
བརྐྱང་བསྐུམ,བརྐྱུཾང,rkts
བརྩོན་འགྲུས,བརྩོུས,rkts
བརྩོན་འགྲུས,བརྩོནྲུས,rkts
བརྩོན་འགྲུས,བརྩྲོུས,tibschol
བརྩོན་འགྲུས,བྲྩོུས,rkts
བརྩོན་འགྲུས,བྲྩྲོུས,rkts
བསྟན་བསྲུངས,བསྟྲུནངས,rkts
བསྡིགས་མཛུབ,བསྡིུ༹བ,rkts
བསྡིགས་འཛུབ,བསྡིུ༹བ,rkts
བྱེའུ་འུར་བ,བྱེའུར་བ,rkts
བྱེས་སུ་སོང,བྱེསོུང,rkts
བློ་བརླུག་པ,བློརླུག་པ,rkts
མཁྱེན་མཁྱེན,མཁྱཻན,rkts
མཐར་ཕྱིན་ནས,མཐརིནས,rkts
མདུན་ན་འདོན,མདོུན,rkts
མཚན་མ་མེད་པ,མཚཾནེད་པ,rkts
མཚན་མ་མེད་པ,ཚླེདཾཔ,rkts
མཛད་དུ་གསོལ,མཛད་དོུལ,rkts
མཛད་དུ་གསོལ,མཛདོུལ,rkts
མི་འཕྲོད་ཉི,མི་འཕྲོདཉི,rkts
མི་འཕྲོད་ཉི,མི་འཕྲོདྙི,rkts
མི་འཕྲོད་ཉི,མི་འཕྲ􀴙དྙི,rkts
མི་འཕྲོད་ཉི,མྲིོདཉི,rkts
མེ་ལས་སྐྱེས,མླེསྐྱེས,rkts
ཚན་ཚན་རིག་པ,ཚཱན་རིག་པ,rkts
ཚིགས་སུ་བཅད,ཚིགསུད,rkts
ཞེས་གསུང་སོ,ཞྱེངོས,rkts
ཞེས་གསུངས་པ,ཞེསུངས་པ,rkts
ཞེས་བརྗོད་པ,ཞེསྗོད,rkts
འཁོར་དང་བཅས,འཁོརངས,rkts
འཁོར་དང་བཅས,འརོངས,rkts
འཁོར་དང་བཅས,འྲོངས,rkts
འཁོར་བསྲུངས,༅ཁོརངས,rkts
འཁོར་བསྲུངས,འཁྲོུརངས,rkts
འཁོར་བསྲུངས,འརོུངས,rkts
འཁོར་བསྲུངས,འོརུངས,rkts
འཁོར་བསྲུངས,འྲུཨོརང,rkts
འཁོར་བསྲུངས,འྲོུགནས,rkts
འཁོར་ཡུག་གི,འརོ་ཡུགི,rkts
འཁྲིག་སྦྱོར,འཁྲིགྱོར,rkts
འཁྲིལ་སྦྱོར,འཁྲིལྱོར,rkts
འགྲུབ་སྦྱོར,འགྲུབྱོར,rkts
འགྲུབ་སྦྱོར,འགྲོུར,rkts
འཇམ་དཔལ་གྱི,འཇཾལྱི,rkts
འབོད་དུ་འོང,འབོདུངོ,rkts
འབྲས་བུ་བཞི,འབྲས་བུཞི,rkts
འབྲུག་གི་ལོ,འབྲུགི་ལོ,rkts
འོད་དཔག་མེད,འོདཔགེད,rkts
འོད་དཔག་མེད,འོདཔགེཾད,rkts
འོད་ཕྲེང་ཅན,འོདྲེངན,rkts
ཡ་རེ་ཡེར་རེ,ཡཻརེ,rkts
ཡེ་ཤེས་མཛོད,ཡཻསོ༹ད,rkts
རང་ཉིད་ཀྱིས,རངཉྱིས,rkts
རུས་སྦལ་གྱི,རུསྦལྱི,rkts
རྒྱལ་བརྒྱུད,རྒྱལྱུད,rkts
རྒྱུན་འབྱམས,རྒྱུནྱཾས,rkts
རྒྱུན་འབྱམས,རྒྱུཾས,rkts
རྒྱོབ་རྒྱོབ,རྒྱཽབ,rkts
རྡུལ་བརྩེགས,རྡེུ༹ཊ,rkts
རྡོ་རྗེ་འཆང,རྡོེང,rkts
རྣམ་ཐོས་སྲས,r+n+roMs,rkts
རྣམ་ཐོས་སྲས,རྣྲོཾས,rkts
རྣམ་པར་རྒྱལ,རྣམ་པརྒྱལ,rkts
རྣམ་སྣང་མཛད,རྣཾང༹ད,rkts
རྣལ་འབྱོར་མ,རྣལྱོཾར,rkts
རྨད་དུ་བྱུང,རྨདུ་བྱུང,rkts
རྩལ་དུ་གསོལ,རྩུལོ,rkts
རྩལ་དུ་གསོལ,རྩོུལ,rkts
རྩེ་གསུམ་ཅན,རྩེུཾན,rkts
རླུང་གི་གྲུ,རླུང་གྲིུ,rkts
ལུམ་བིའི་ཚལ,ལུམྦིའི་ཚལ,rkts
ལོངས་སྤྱད་པ,ལོངསྤྱད་པ,rkts
ལྷ་མོ་ནག་མོ,ལྷོཾ་ནོཾག,rkts
ལྷེབས་ལྷེབས,ལྷཻབས,rkts
སེམས་བསྐྱེད,སེསྐྱཾདེ,rkts
སེམས་བསྐྱེད,སེཾསྐྱེད,rkts
སྐད་ཅིག་གིས,སྐགིས,tibschol
སྐུལ་བྱེད་མ,སྐུལྱེད་མ,rkts
སྐྱིལ་དཀྲུང,སྐྱིུང,rkts
སྐྱེལ་དཀྲུང,སྐྱིུང,rkts
སྐྱོན་བརྗོད,སྐྱོནདོ,rkts
སྙིང་རེ་རྗེ,སྙིངཻ,rkts
སྙིང་རེ་རྗེ,སྙིཻང,rkts
སྣ་ཚོགས་སྡེ,སྣ་ཚོགསྡེ,rkts
སྣ་ཚོགས་སྡེ,སྣ༹གོསྡེ,rkts
སྣང་རྟོག་གི,སྣང་རྟོགི,rkts
སྦུབས་སྐྱེས,སྦུབསྐྱེས,rkts
སྦྱོར་སྒྲོལ,སྦྦྱྲོལ,rkts
སྦྱོར་སྒྲོལ,སྦྱོརལྲོ,rkts
སྩལ་དུ་གསོལ,སྩོུལ,rkts
སྲེག་ཚེས་སུ,སྲ􀴖༹སུ,rkts
ཀུན་ཏུ་བཟང,ཀུནྟུ༹ཾ,rkts
ཀུན་ནས་འབབ,ཀུནས་འབབ,rkts
ཀུན་བཟང་པོ,ཀོུནང,rkts
ཀུན་བརྡུངས,ཀུནྡུང,rkts
ཁྲུམས་སྟོད,ཁྲུམསྟོད,rkts
ཁྲུམས་སྟོད,ཁྲོུད,rkts
ཁྲུམས་སྟོད,ཁྲུཾདོ,rkts
གཅེས་བསྡུས,གཅེསྡུས,rkts
གཉིས་སྐྱེས,གཉིསྐྱེས,rkts
གདུང་རྒྱུད,གདུང་ངྱུད,rkts
གནོད་སྦྱིན,གནོདྱིན,rkts
གནོད་སྦྱིན,གནོིདན,rkts
གནོད་སྦྱིན,གནྱོདིན,rkts
གནོད་སྦྱིན,གནྱོིདན,rkts
གནོད་སྦྱིན,གནྱོིན,rkts
གནོད་སྦྱིན,ནྱོདིན,rkts
གཙུག་ལག་ཁང,གཙླུགང,rkts
གཞགས་གཞོགས,གཞགསོ,rkts
གཞལ་མེད་ཁང,གཞལེཾདང,rkts
གཞལ་མེད་ཅན,གཞལེཾདན,rkts
གཞོགས་སློང,གཞོགསློང,rkts
གཟིགས་འདུག,གཟིུཊ,rkts
གཟུགས་མཛེས,གཟེུ༹ས,rkts
གཟུགས་འཛིན,གཟུཊི༹ན,rkts
གཟུགས་སྡུག,གཟུགསྡུག,rkts
གཟུགས་སྡུག,གཟུགུ,rkts
གཟུངས་སྔགས,གཟུངསྔཊ,rkts
གཡུ་ལེགས་པ,གཡུ་ལེཊ་པ,rkts
གཡོན་ཕྱོགས,གཡྱཽཊ,rkts
གྱོས་སྒྱུག,གྱོསྒྱུག,rkts
གྲང་མེད་པར,གྲངེདར,rkts
གློ་བུར་དུ,གློུརུ,rkts
ངང་ངམ་ཤུགས,ངངམ་ཤུགས,rkts
ངོ་མཚར་མེད,ངོ༹རེད,rkts
ཅེས་བསྟན་པ,ཅེསྟན་པ,rkts
ཆས་སུ་ཞུགས,ཆསུ་ཞུགས,rkts
ཆས་སུ་ཞུགས,ཆསུ་ཞུཊ,rkts
ཆིབས་སྐྱེལ,ཆིབསྐྱེལ,rkts
ཆོས་དབྱིངས,ཆོསྱིངས,rkts
ཆོས་དབྱིངས,ཆྱོངིས,rkts
ཆོས་དབྱིངས,ཆྱོིངས,rkts
ཆོས་བསྟན་པ,ཆོསྟན་པ,rkts
ཆོས་སྒྲོགས,ཆོསྒྲོགས,rkts
ཆོས་སྒྲོགས,ཆོསྒྲོཊ,rkts
ཇི་སྲིད་དུ,ཇིདིུ,rkts
ཐུགས་དགོངས,ཐུགོངས,rkts
ཐུགས་དམ་ཅན,ཐྱདཾན,rkts
ཐུགས་རྗེའི,ཐྱེའི,rkts
ཐེ་ཚོམ་མེད,ཐེོཾད,rkts
ཐེ་ཚོམ་མེད,ཐོཻདཾ,rkts
ཐོབ་པར་ཤོག,ཐབཽརག,rkts
ཐོབ་པར་ཤོག,ཐོབརོག,rkts
དཀྱིལ་ཀྲུང,དཀྱིུང,rkts
དཀྱིལ་འཁོར,དཀྱིརོ,rkts
དཀྱིལ་འཁོར,དཀྱིལོར,rkts
དཀྱིལ་འཁོར,དཀྱོིར,rkts
དཀྱིལ་འཁོར,དཀྱོིལར,rkts
དཀྱིལ་འཁོར,དིརོ,rkts
དཀྱིལ་འཁོར,དོིར,rkts
དགེ་སློང་མ,དགླེངོཾ,rkts
དགྱེས་རྡོར,དགྱེརོ,rkts
དཔེར་བརྗོད,དཔེརྗོད,rkts
དཔེར་བརྗོད,དཔེོད,rkts
དབང་ཕྱུག་མ,དབྱུངགཾ,rkts
དབང་བསྒྱུར,དབྱུར,rkts
དབྱིག་གཉེན,དབྱིགཉེན,rkts
དབྱིག་བཤེས,དབྱིགེས,rkts
དབྱུག་འཛིན,དབྱུགི༹ན,rkts
དམོད་དོར་བ,དམོདོར་བ,rkts
དུས་དབྱིགས,དུབྱིད,rkts
དུས་དབྱིགས,དུསྱིགས,rkts
དེ་བཞིན་དུ,དེནིུ,rkts
དྲག་པོ་རྩལ,དྲོག༹ལ,rkts
དྲིན་མོ་ཆེ,དྲིནོེ,rkts
ནོངས་སྤྱོད,ནོངསྤྱོད,rkts
ཕྱག་འཚལ་ལོ,ཕྱ༹ལོ,rkts
ཕྱག་འཚལ་ལོ,ཕྱག༹ལོ,rkts
ཕྱིས་སྐྱེས,ཕྱིསྐྱེས,rkts
ཕྱོགས་གསུམ,ཕྱོགསུཾ,rkts
ཕྱོགས་མཚམས,ཕྱོ༹སཾ,rkts
ཕྱོགས་ལྷུང,ཕྱོུང,rkts
བཀའ་བརྒྱུད,བཀྱུད,rkts
བཀའ་བསྒྱུར,བཀྱུར,rkts
བཀྲ་ཤིས་ཅན,བཀྲིསན,rkts
བཀྲ་ཤིས་ཉི,བཀྲིསྙི,rkts
བཅོས་སྒྱུར,བཅོསྒྱུར,rkts
བདག་གི་གནས,བདགིནས,rkts
བདུད་རྩིའི,བདིུ༹དའི,rkts
བདེར་གཤེགས,བདེརེཊ,rkts
བཟོད་དཀའ་བ,བཟོདཀའ་བ,rkts
བརྟུལ་ཞུགས,བརྟུག,rkts
བརྟུལ་ཞུགས,བརྟུགས,rkts
བརྟུལ་ཞུགས,བརྟུཊ,rkts
བསིལ་ལྗོངས,བསིལྗོངས,rkts
བསོད་སྙོམས,བསྙོཾདས,rkts
བསྐྱུངས་ཏེ,བསྐྱུངསྟེ,rkts
བསྙེན་བཀུར,བསྙུར,rkts
བསྙེན་བཀུར,བསྙེུན,rkts
བསྙེན་བཀུར,བསྙེུར,rkts
བསྟན་བསྲུང,བསྟུནངས,rkts
བསྟན་བསྲུང,བསྟྲུང,rkts
བསྟན་འགྱུར,བསྟྱུར,rkts
བསྟན་སྐྱོང,བསྟནྱོང,rkts
བསྟན་སྐྱོང,བསྟོནང,rkts
བསྲུང་འཁོར,བསྲོུངར,rkts
བསྲུང་འཁོར,བསྲོུར,rkts
བུ་བཅོལ་ཁང,བུཅོལ་ཁང,rkts
བྱད་དབྱིབས,བྱདབྱིབས,rkts
བླ་མ་ཡི་དམ,བླིདཾ,rkts
བླ་མར་འཛིན,བླཾརི༹ན,rkts
བླ་མེད་ཡུམ,བླེཾད་ཡུཾ,rkts
བློ་བཅོལ་བ,བློཅོལ་བ,rkts
བློ་བསྒྱུར,བློསྒྱུར,rkts
མཁའ་དབྱིངས,མཁྱིངས,rkts
མཁའ་དབྱིངས,མྱིངས,rkts
མཁྱེན་བརྩེ,མཁྱེནེ,rkts
མགྲིན་སྔོན,མགྲིོན,rkts
མགྲིན་སྔོན,མྲིནོ,rkts
མཆོག་སྦྱིན,མཆོཡིན,rkts
མཆོད་བསྟོད,མཆྟཽད,rkts
མཆོད་སྤྲིན,མྲོིན,rkts
མཆོད་སྦྱིན,ཆྱོིནད,rkts
མཆོད་སྦྱིན,མཆོདིན,rkts
མཆོད་སྦྱིན,མཆོདྱིན,rkts
མཆོད་སྦྱིན,མཆྱོིདན,rkts
མཆོད་སྦྱིན,མཆྱོིན,rkts
མཉམ་པར་བཞག,མཉམྲག,rkts
མཉམ་པར་བཞག,མཉཾརག,rkts
མཐུན་ཕྱོགས,མཐྱོུགས,rkts
མཐུན་ཕྱོགས,མཐྱོུཊ,rkts
མཐུན་རྐྱེན,མཐེུན,rkts
མདའ་འཕེན་པ,མདའཕེན་པ,rkts
མདོར་བསྡུས,མདོུས,rkts
མཚམས་བརྒྱད,མཚམད,rkts
མཚམས་སྒྲུབ,མཚྲུམབ,rkts
མཚམས་སྒྲུབ,མཚྲུཾབ,rkts
མཚམས་སྤྲིན,མཚམསྤྲིན,rkts
མཚམས་སྤྲིན,མཚཾསྤྲིན,rkts
མཚམས་སྦྱོར,མཚཾསྱོར,rkts
མཚམས་སྦྱོར,མཚྱམསོར,rkts
མཚམས་སྦྱོར,མཚྱོམར,rkts
མཚམས་སྦྱོར,མཚྱོཾར,rkts
མི་མཐུན་ཉི,མིཐུནཉི,rkts
མི་མཐུན་ཉི,མིཐུནྙི,rkts
མིག་གདངས་པ,མིགདངས་པ,rkts
མིག་གསུམ་པ,མིགསུཾ་པ,rkts
མེ་མཉམ་གསང,མེཉམ་གསང,rkts
མེ་ལ་ཚེ་ཅན,མེ་ལེ༹ན,rkts
ཚད་མར་འཛིན,ཚདཾརི༹ན,rkts
ཚེ་དཔག་མེད,ཚེདཔགེདཾ,rkts
ཚོགས་སྦྱོར,ཚོགསྦྱོར,rkts
ཞིང་ཁམས་སུ,ཞིངཁཾསུ,rkts
ཞིང་ཁམས་སུ,ཞིངསུཾ,rkts
ཞེས་ཞུས་སོ,ཞེུསོ,rkts
ཟློས་སྐྱོན,ཟློསྐྱོན,rkts
འཁྱག་འཁྱོག,འཁྱགོ,rkts
འཁྱར་འཁྱོར,འཁྱརོ,rkts
འཁྲུག་རྩོད,འཁྲོུ༹ད,rkts
འཁྲུངས་སྐར,འཁྲུངསྐར,rkts
འཁྲུལ་འཁོར,འཁྲོུར,rkts
འཁྲུལ་འཁོར,འཁྲོུརོ,rkts
འགའ་ཞིག་གི,འགིགི,rkts
འགྱར་འགྱུར,འགྱརུ,rkts
འགྲོ་གྲོགས,འགྲཽཊ,rkts
འཆོས་སྐྱོབ,འཆོསྐྱོབ,rkts
འཇིག་འདྲེན,འཇིགྲེན,rkts
འཇིགས་བྱེད,འཇིཊེད,rkts
འཇིགས་བྱེད,འཇིཌེད,tibschol
འཇིགས་བྱེད,འཇྱིདེ,rkts
འཇིགས་བྱེད,འཇྱིེད,rkts
འཇིགས་སྐྲག,འཇིགསྐྲག,rkts
འཇོམས་བྱེད,འཇྱོདེ,rkts
འཇོམས་བྱེད,འཇྱོམད,rkts
འདིར་གཤེགས,འདིརེཊ,rkts
འཕེལ་ཕྱོགས,འཕེལྱོགས,rkts
འཕེལ་ཕྱོགས,འཕེལྱོཊ,rkts
འཕེལ་ཕྱོགས,འཕྱེོཊ,rkts
འཕྲུལ་འཁོར,འཕྲུལོར,rkts
འཕྲུལ་འཁོར,འཕྲོུར,rkts
འབྱུང་ཁུངས,འབྱུངས,rkts
འབྱེད་སྡུད,འབྱེུད,rkts
འབྲས་སྤུངས,འབྲསྤུངས,rkts
འབྲས་སྤུངས,འབྲུངས,rkts
འཛངས་སྤྱོད,འ༹ངསྤྱོད,rkts
འུབས་བསྡུས,འུབསྡུས,rkts
འོད་དཀར་ཅན,འོདཀར་ཅན,rkts
འོད་ཟེར་ཅན,འོདེརན,rkts
ཡང་དག་ཐུགས,ཡྲཾག་ཐྱ,rkts
ཡང་ཡང་སོམས,ཡངངསོཾས,rkts
ཡིད་དུ་འོང,ཡིདོུང,rkts
ཡིན་ནམ་མིན,ཡིནམིན,rkts
ཡེ་ཤེས་སྐུ,ཡཻསྐུ,rkts
ཡོངས་འཇོམས,ཡོངས་འཇོཾས,rkts
ཡོངས་འཇོམས,ཡོཾངས,rkts
ཡོངས་རྫོགས,ཡངཽགས,rkts
ཡོངས་རྫོགས,ཡོངོ༹ཊ,rkts
ཡོན་ཏན་འོད,ཡྟོནོད,rkts
རིག་པ་དྲུག,རིགྲུག,rkts
རུས་སྦལ་ཅན,རུསྦལན,rkts
རྒུན་འབྲུམ,རྒྲུམ,rkts
རྒྱལ་ཁྲིམས,རྒྱལྲིཾས,rkts
རྒྱུ་རྐྱེན,རྒྱེུན,rkts
རྒྱུ་སྦྱོར,རྒྱོུར,rkts
རྒྱུད་དག་པ,རྒྱུདག་པ,rkts
རྒྱུན་འཛིན,རྒྱུ༹་ནི,rkts
རྗེས་སྐྱེས,རྗེསྐྱེས,rkts
རྟེན་འབྲེལ,རྟེནེལ,rkts
རྟེན་འབྲེལ,རྟཻལེ,rkts
རྟེན་འབྲེལ,རྟྲཻལ,rkts
རྨོངས་སྦྲེ,རྨོངསྦྲེ,rkts
རྩང་བརྒྱུར,རྩྱུཾར,rkts
རྫུས་སྐྱེས,རྫུསྐྱེས,rkts
རྫུས་སྐྱེས,རྫེུས,rkts
ལས་ཀྱི་མཐའ,ལསྱིའ,rkts
ལུས་ངག་ཡིད,ལུསྱཾདི་གསུམ,rkts
ལུས་ངག་ཡིད,ལིུུདཾ,rkts
ལུས་ངག་ཡིད,ལུཾགིད,rkts
ལེགས་ལྡན་མ,ལེགྡནཾ,rkts
ལེགས་སྐྱེས,ལོགསྐྱེས,rkts
ལོངས་སྤྱོད,ལོངསྤྱོད,rkts
ལོངས་སྤྱོད,ལོངསྱོད,rkts
ལོངས་སྤྱོད,ལྱོངོད,rkts
ལོངས་སྤྱོད,ལྱཽད,rkts
ལོངས་སྦྱོད,ལོངསྦྱོད,rkts
ལོངས་སྦྱོད,ལྱཽངད,rkts
ལྕགས་སྒྲོག,ལྕགསྒྲོག,rkts
ལྕགས་སྒྲོག,ལྕྲོག,rkts
ཤ་ཁྲག་འཛིན,ཤྲགི༹ན,rkts
ཤེར་ཕྱིན་མ,ཤེརིནཾ,rkts
ས་ཀྱ་པཎྜིཏ,ས་པཎ,rkts
སུམ་བརྩེགས,སེུ༹ཊ,rkts
སེམས་སྐྱེས,སེཾསྐྱེས,rkts
སྐྱབས་མགོན,སྐྱོཾན,rkts
སྒྱུ་མ་མཁན,སྒྱུཾན,rkts
སྒྱུ་འཕྲུལ,སྒྱུལ,rkts
སྒྲིབ་བྱེད,སྒྲིབྱེད,rkts
སྒྲོ་འདོགས,སྒྲཽགས,rkts
སྙགས་སྙིགས,སྙགིས,rkts
སྟབ་སྟབ་པོ,སྟཱབ་པོ,rkts
སྟོབས་རྒྱས,སྟོབྱས,rkts
སྡིག་སྒྲིབ,སྡྲིབི,rkts
སྡིགས་མཛུབ,སྡིུ༹བ,rkts
སྡིགས་མཛུབ,སྡིུབ,rkts
སྡེབ་སྦྱོར,སྡེབྱོར,rkts
སྡོང་གྲོགས,སྡྲོངོཊ,rkts
སྡོང་གྲོགས,སྡྲཽགས,rkts
སྤྱན་གཟིགས,སྤྱནི༹ཊ,rkts
སྤྱན་གཟིགས,སྤྱནིཊ,rkts
སྤྱན་གཟིགས,སྤྱིནགས,rkts
སྤྱན་འདྲེན,སྤྱནེ,rkts
སྤྱན་འདྲེན,སྤྱནྲེ,rkts
སྤྲ་སྤྲེའུ,སྤྲའེུ,rkts
སྦྱིན་གྱིས,སྦྱིནྱིས,rkts
སྦྱིན་སྲེག,སྦྱིནྲེག,rkts
སྲེག་སྦྱོར,སྲེགྱོར,rkts
སྲེག་སྦྱོར,སྲོེར,rkts
ཀུ་མུད་ཚལ,ཀུ༹ཾལ༹,rkts
ཀུན་གཟིགས,ཀུནིཊ,rkts
ཀུན་གཟིགས,ཀིུགས,rkts
ཀུན་གཟིགས,ཀིུཊ,rkts
ཀུན་དཀྲིས,ཀིུས,rkts
ཀུན་མཁྱེན,ཀུནྱེན,rkts
ཀུན་མཁྱེན,ཀེུན,rkts
ཀུན་འཇོམས,ཀུནོམས,rkts
ཀུན་སྤྱོད,ཀུནྱོད,rkts
ཁྱིམ་མཚེས,ཁྱིམཚེས,rkts
ཁྱིལ་ཁྱིལ,ཁྱིལི,rkts
ཁྲིག་ཁྲིག,ཁྲྲིག,rkts
ཁྲིམ་སྡོད,ཁྲོིམད,rkts
ཁྲུང་ཁྲུང,ཁྲྲུང,rkts
ཁྲུན་སྟོད,ཁྲུདོ,rkts
ཁྲུམ་སྟོད,ཁྲུམདོ,rkts
ཁྲུམ་སྟོད,ཁྲོུད,rkts
ཁྲུམས་སྨད,ཁྲུམསྨད,rkts
ཁྲུམས་སྨད,ཁྲུཾད,rkts
གཅིག་ན་རེ,༡ན་རེ,rkts
གཅེན་གཅུང,གཅེུང,rkts
གཅེས་སྤྲས,གཅེསྤྲས,rkts
གཅེས་སྲུང,གཅེསྲུང,rkts
གཉིས་གསུམ,གཉིསུཾ,rkts
གཉིས་འཛིན,གཉི༹ནི,rkts
གཉིས་འཛིན,གཉིསི༹ན,rkts
གཏིང་ཚུགས,གཏིུ༹ཊ,rkts
གཏེར་མཛོད,གཏོ༹ད,rkts
གདུག་རྩུབ,གདུ༹བ,rkts
གདུགས་དཀར,གདུཊར,rkts
གདུང་འཚོབ,གདོུ༹བ,rkts
གདུང་འཛིན,གདིུ༹ན,rkts
གདུང་འཛིན,གདིུན,rkts
གདུང་རྟེན,གདེུན,rkts
གདོང་དྲུག,གདྲོུག,rkts
གནམ་སྦྱོར,གནྱོཾར,rkts
གནོད་བྱེད,གནྱོེད,rkts
གནོད་མཛེས,གནོདེ༹ས,rkts
གཙུག་གཏོར,གཙུགོར,rkts
གཙུག་གཏོར,གཙོུར,rkts
གཞང་འབྲུམ,གཞྲུཾ,rkts
གཞལ་ཡས་ཁང,གཞྱསང,rkts
གཞལ་ཡས་ཁང,ཞྱསང,rkts
གཞུ་འདོམས,གཞོུམས,rkts
གཞོན་ནུ་མ,གཞོནུཾ,rkts
གཟི་བརྗིད,གཟིད,rkts
གཟི་བརྗིད,གཟྗིིད,rkts
གཟི་བརྗིད,གཟྲིད,rkts
གཟུག་གཟེར,གཟེུར,rkts
གཟུག་གཟེར,གཟྯེུར,rkts
གཟུགས་ཁམས,གཟུཾས,rkts
གཟུགས་མེད,གཟུགེསཾད,rkts
གཟུགས་མེད,གཟེུད,rkts
གཟུགས་མེད,གཟེུདཾ,rkts
གཟུགས་མེད,གཟེུཾད,rkts
གཟུགས་སྐུ,གཟུགསྐུ,rkts
གཟུགས་སྐུ,གཟུཊུ,rkts
གཟུང་འཛིན,གཟུངིན,rkts
གཟུང་འཛིན,གཟིུང༹ན,rkts
གཡས་ཕྱོགས,གཡྱོགས,rkts
གཡུ་འབྲུག,གཡྲུག,rkts
གཡུང་དྲུང,གཡྲུང,rkts
གཡོས་སྣོད,གཡོསྣོད,rkts
གཤོལ་ལྕགས,གཤོལྕགས,rkts
གསལ་ལམ་མེ,གསལམེ,rkts
གསལ་ལམ་ལམ,གསལཱམ,rkts
གསེར་སྐུད,གསྐེུརད,rkts
གསོལ་དཔོན,གསཽན,rkts
གུས་སྦྱོར,གུསྦྱོར,rkts
གེགས་གཅིག,གེཊ་༡,rkts
གྱུག་གྱུག,གྱུགྱུག,rkts
གྲིབ་བསིལ,གྲིབསིལ,rkts
གྲུ་གཟིངས,གྲུཟིངས,rkts
གྲུ་གཟིངས,གྲིུངས,rkts
གྲུབ་མཆོག,གྲུབོག,rkts
གྲོང་ཁྱེར,གྲོངེར,rkts
གྲོང་ཁྱེར,གྲོརེ,rkts
གྲོང་ཁྱེར,གྲོེངར,rkts
གྲོང་ཁྱེར,གྲོེར,rkts
གྲྭ་གཟུགས,གྲྭགཟུཊ,rkts
གླང་པོ་ཅན,གླངོན,rkts
གླང་པོ་ཆེ,གླངོེ,rkts
གླེབ་བྱེད,གླེབྱེད,rkts
ངུར་སྨྲིག,ངུརིག,rkts
ངུར་སྨྲིག,ངིུག,rkts
ངེས་པར་དུ,ངེསུ,rkts
ངོ་བོ་ཉིད,ངོདི,tibschol
ངོ་མཚར་ཅན,ངོ༹རན,rkts
ཆགས་སྤྱོད,ཆགསྤྱོད,rkts
ཆུ་བོ་བཞི,ཆོུ༤,rkts
ཆོས་འཕྲུལ,ཆོསྲུལ,rkts
ཆོས་འབྱུང,ཆོསྱུང,rkts
ཆོས་འབྱུང,ཆྱོུང,rkts
ཆོས་འབྱོར,ཆོསྱོར,rkts
ཆོས་འབྲེལ,ཆོསྲེལ,rkts
ཆོས་སྐུའི,ཆོསྐུའི,rkts
ཆོས་སྐྱོང,ཆོསྐྱོང,rkts
ཆོས་སྐྱོང,ཆོསྐྱོང་སྲུངཾ,rkts
ཆོས་སྐྱོང,ཆོསྱོང,rkts
ཆོས་སྐྱོང,ཆཽསྱང,rkts
ཆོས་སྐྱོང,ཆྱཽང,rkts
ཆོས་སྤྱོད,ཆོསྤྱོད,rkts
ཆོས་སྨྲ་བ,ཆོསྨྲ་བ,rkts
ཉམས་སྟོབས,ཉཾསྟོབས,rkts
ཐག་གཅོད་པ,ཐགཅོད་པ,rkts
ཐུགས་བརྩེ,ཐེུ༹གས,rkts
ཐུགས་བརྩེ,ཐེུ༹ཊ,rkts
ཐུགས་བརྩེ,ཐུགསེ༹,rkts
ཐུགས་བརྩེ,ཐུཊེ༹,rkts
ཐུགས་བརྩེ,ཐེུག༹ས,rkts
ཐུགས་རྗེས,ཐྱེས,rkts
ཐུགས་ལེགས,ཐུཊེ,rkts
དཀའ་འགྲེལ,དཀའགྲེལ,rkts
དཀའ་འགྲེལ,དཀྲེལ,rkts
དཀར་ཕྱོགས,དཀོཊ,rkts
དཀར་ཕྱོགས,དཀྱོགས,rkts
དཀོན་མཆོག,དཀོག,rkts
དཀོན་མཆོག,དཀཽག,rkts
དཀྲུམ་མདའ,དཀྲུཾའ,rkts
དགའ་འཁྱིལ,དགའཁྱིལ,rkts
དགའ་འཁྱིལ,འགྱིལ,rkts
དགེ་བསྙེན,དགེནྙེ,rkts
དགེ་བསྙེན,དགཻན,rkts
དགེ་བསྙེན,དགྙཻན,rkts
དགེ་སྒྲུབ,དགྲེུབ,rkts
དགྱེ་དགྱེ,དགྱཻ,rkts
དགྲ་གྲོགས,དགྲོགས,rkts
དགྲ་བགེགས,དགྲེགས,rkts
དགྲ་བགེགས,དགྲེཊ,rkts
དངངས་སྐྲག,དངངསྐྲག,rkts
དངོས་གྲུབ,ངྲོུབ,rkts
དངོས་གྲུབ,དགྲོུབ,rkts
དངོས་གྲུབ,དངོསྲུབ,rkts
དངོས་གྲུབ,དངཽས,tibschol
དངོས་གྲུབ,དངྲོུབ,rkts
དངོས་གྲུབ,དདྲོུབ,rkts
དངོས་འཛིན,དངོ༹ནི,rkts
དངོས་སློབ,དངོསློབ,rkts
དཔལ་འཕྲེང,དཔལྲེང,rkts
དཔལ་འཕྲེང,དཔྲེང,rkts
དཔལ་འབྱོར,དཔལྱོར,rkts
དཔུང་ཆོགས,དཔོུགས,rkts
དཔུང་ཚོགས,དཔོུགས,rkts
དཔུང་ཚོགས,དཔོུཊ,rkts
དཔེར་མཚོན,དཔེརོ༹ན,rkts
དཔོན་གཡོག,དཔོནོག,rkts
དཔོན་གཡོག,དཔཽག,rkts
དཔོན་གཡོག,དོཔནོག,rkts
དཔོན་སློབ,དཔློན,rkts
དཔོན་སློབ,དཔློབོ,rkts
དཔོན་སློབ,དཔླཽན,rkts
དཔྱིད་དུས,དཔྱིདུས,rkts
དབང་ཆེན་མ,དབངེནཾ,rkts
དབང་བསྐུར,དབུངར,rkts
དབང་བསྐུར,དབུཾར,rkts
དབང་འབྱོར,དབྱཽངར,rkts
དབུ་བཞུགས,དབུཞུགས,rkts
དབུགས་ཐོབ,དབུཊོབ,rkts
དབུགས་ཐོབ,དབོུབས,rkts
དབྱངས་གསལ,དབྱངལ,rkts
དབྱིངས་སུ,དབྱིངསུ,rkts
དབྱེར་མེད,དབྱེརེད,rkts
དབྱེར་མེད,དབྱེརེཾད,rkts
དབྱེར་མེད,དབྱཻརད,rkts
དམག་འཁྲུག,དམྲུག,rkts
དམའ་འབེབས,དམའབེབས,rkts
དམིགས་བསལ,དམིལ,rkts
དམིགས་ཡུལ,དམིུལ,rkts
དེ་དག་གིས,དེགིས,rkts
དོན་མཛད་པ,དོན༹ད་པ,rkts
དོན་འགྱུར,དོནྱུར,rkts
དོམ་མཁྲིས,དོམཁྲིས,rkts
དྲི་དཀུ་བ,དྲིཀུ་བ,rkts
ནུབ་ཕྱོགས,ནུབྱོགས,rkts
ནུབ་ཕྱོགས,ནོུགས,rkts
ནུབ་ཕྱོགས,ནོུཊ,rkts
ཕ་ལོགས་སུ,ཕལོགསུ,rkts
ཕ་ལོགས་སུ,ཕལོཊུ,rkts
ཕོགས་སྡེར,ཕོགསྡེར,rkts
ཕྱག་ཚལ་ལོ,ཕྱ༹གོལ,rkts
ཕྱག་ཚལ་ལོ,ཕྱོ༹ལ,rkts
ཕྱོགས་བཅུ,ཕྱོུ,rkts
ཕྲུལ་ཕྲུལ,ཕྲཱུལ,rkts
བཀད་དང་པོ,བཀདང་པོ,rkts
བཀའ་བརྒྱད,བཀྱད,rkts
བཀའ་འགྱུར,བཀའགྱུར,rkts
བཀའ་འགྱུར,བཀྱུར,rkts
བཀའ་འགྱུར,བགྱུར,rkts
བཀའ་སྩལ་པ,བཀ༹ལ་པ,rkts
བགྲོ་གླེང,བགྲེང,rkts
བཅུད་འཛིན,བཙིུན,rkts
བཅོ་བརྒྱད,བཅྱོད,rkts
བཏང་སྙོམས,བཏངོཾས,rkts
བདུག་སྤོས,བདུགོས,rkts
བདུག་སྤོས,བདུསོ,rkts
བདུག་སྤོས,བདོུས,rkts
བདུད་འདུལ,བདུདལ,rkts
བདུད་འདུལ,བདུདུལ,rkts
བདུད་རྒྱལ,བདུད་དྱལ,rkts
བདུད་རྒྱལ,བདུདྱལ,rkts
བདུད་རྩིས,བདིུ༹དས,rkts
བདེ་གཤེགས,བདེགས,rkts
བདེ་གཤེགས,བདེགེས,rkts
བདེ་གཤེགས,བདེཊེ,rkts
བདེ་གཤེགས,བདཻགས,rkts
བདེ་སྐྱོང,བདེངོ,rkts
བདེན་འཛིན,བདེ༹ནི,rkts
བཞིན་འཛུམ,བཞིུམ༹,rkts
བཟང་སྦྱོར,བཟྱོར,rkts
བརྒྱ་བྱིན,བརྒྱིན,rkts
བརྒྱན་གྱི,བརྒྱནྱི,rkts
བརྟས་བརྟས,བརྟཱས,rkts
བརྡ་སྤྲོད,བརྡྲོད,rkts
བཤད་སྒྲུབ,བཤྲུབ,rkts
བཤེས་གཉེན,བཤེནེ,rkts
བཤེས་གཉེན,བཤེསེན,rkts
བཤེས་གཉེན,བཤཻན,rkts
བཤེས་གཉེན,བཤྱེན,rkts
བཤེས་གཉེན,བཤྱཻན,rkts
བསམ་བསེའུ,བསེཾའུ,rkts
བསྐྱེད་པར,བསྐྱེདར,rkts
བསྒྲུབ་བྱ,བསྒྲུབྱ,rkts
བསྔོ་སྨོན,བསྔཽན,rkts
བསྙེན་གནས,བསྙེནས,rkts
བསྟན་བཅོས,བསྟནོས,rkts
བསྟན་བཅོས,བསྟོནས,rkts
བསྟན་བཅོས,བསྟོས,rkts
བསྟན་འཛིན,བི༹ན,rkts
བསྟན་འཛིན,བི༹ནི,rkts
བསྟན་འཛིན,བསྟ༹ནི,rkts
བསྟན་འཛིན,བསྟི༹ན,rkts
བསྟན་སྲུང,བསྟྲུནཾ,rkts
བསྲེག་རྫས,བསྲེག༹ས,rkts
བསླབ་བྱིན,བསླབྱིན,rkts
བསླབ་སྦྱང,བསླབྱང,rkts
བྱང་ཕྱོགས,བྱོགས,rkts
བྱང་ཕྱོགས,བྱོངགས,rkts
བྱིན་གྱིས,བྱིནྱིས,rkts
བྱིན་རླབས,བྱིནབས,rkts
བྱིན་རླབས,བྱིནབླས,rkts
བྱིན་རླབས,བྱིནླབས,rkts
བྱུལ་བྱུལ,བྱཱུལ,rkts
བྲོ་བོར་བ,བྲཽར་བ,rkts
བློ་བདེ་བ,བློདེ་བ,rkts
བློང་བློང,བླཽང,rkts
མ་མོ་སྲོད,མྲཽད,rkts
མཁའ་སྤྱོད,མཁྱའོད,rkts
མཁའ་སྤྱོད,མཁྱོད,rkts
མཁའ་སྤྱོད,མྱོད,rkts
མཁྱེན་པའི,མཁྱེནའི,rkts
མཁྲེགས་པོ,མཁྲེཊོ,rkts
མགོ་གཡོགས,མགོཡོཊ,rkts
མགོ་གུག་པ,མགོུག་པ,rkts
མགོ་བརྙེན,མགྙོེན,rkts
མགོ་བསྙེན,མགྙོནེ,rkts
མགོ་བསྙེན,མགྙོེན,rkts
མགོ་འདྲེན,མགྲོེན,rkts
མཆན་འགྲེལ,མྲེལ,rkts
མཆོག་གསུམ,མཆོགསུཾ,rkts
མཆོད་གཞིས,མཆོིས,rkts
མཆོད་རྟེན,མཆོཏེན,rkts
མཆོད་རྟེན,མཆོེན,rkts
མཆོད་རྟེན,མཆྟོེན,rkts
མཆོད་སྟོད,ཆྱཽད,rkts
མཆོད་སྟོད,མཆྟཽད,rkts
མཐའ་འབྱམས,མཐྱཾས,rkts
མཐའ་འབྱམས,མྱཾས,rkts
མཐར་མཁྱེན,མཐྱེན,rkts
མཐུ་སྟོབས,མཐོུབས,rkts
མདངས་གསུམ,མདངསུཾ,rkts
མདོ་དྲན་པ,མདྲོན་པ,rkts
མདོངས་སེལ,མདོངསེལ,rkts
མནའ་འབྲེལ,མནྲེལ,rkts
མཚན་ལྡན་མ,མཚླཾན,rkts
མཚམས་མཚམས,མཚཱམས,rkts
མཚོ་སྐྱེས,མཚྱོསེ,rkts
མཚོ་སྐྱེས,མཚྱོེས,rkts
མཚོན་བྱའི,མཚོནྱི,tibschol
མཛངས་བླུན,མཛངསླུན,rkts
མཛེས་སྡུག,མེ༹སྡུག,rkts
མཛོད་དཔོན,མ༹དོཔོན,rkts
མཛོད་འཛིན,མོ༹དནི,rkts
མར་མེ་མཛད,མར་མེཛད,rkts
མར་མེ་མཛད,མེར༹ད,rkts
མི་མངོན་པ,མིངོན་པ,rkts
མིག་འཕྲུལ,མྲིུལ,rkts
མིང་གཟུགས,མིངུགས,rkts
མེ་མཆེད་པ,མེཆེད་པ,rkts
མོས་སྤྱོད,མོསྤྱོད,rkts
མྱ་ངན་མེད,མྱནེད,rkts
མྱུར་མྱུར,མྱཱུར,rkts
ཚངས་བསྐུལ,ཚངསྐུལ,rkts
ཚངས་སྐྱེས,ཚངསྐྱེས,rkts
ཚངས་སྤྱོད,ཚངསྤྱོད,rkts
ཚུན་ཆད་དུ,ཚུནདུ,rkts
ཚུལ་ཁྲིམས,ཚུལྲིམས,rkts
ཚུལ་ཁྲིམས,ཚིུམས,rkts
ཚུལ་ཁྲིམས,ཚིུལྲཾས,rkts
ཚུལ་ཁྲིམས,ཚྲིུ༹ཾས,rkts
ཚུལ་ཁྲིམས,ཚྲིུུ༹ས,rkts
ཞབས་འདྲེན,ཞྲེན,rkts
ཞབས་འབྲིང,ཞྲིང,rkts
ཞིང་གཤེགས,ཞིངེཊ,rkts
ཞིང་སྐྱེས,ཞྱིསེ,rkts
ཞིང་སྐྱོང,ཞིངྱོ,rkts
ཞིང་སྐྱོང,ཞྱོིང,rkts
ཞེ་ཞུས་སོ,ཞེུསོ,rkts
ཟུང་སྦྱོར,ཟུངོར,rkts
ཟུང་སྦྱོར,ཟུངྱོར,rkts
ཟླ་མཛེས་མ,ཟླེ༹སཾ,rkts
ཟླུམ་ཟླུམ,ཟླཱུམ,rkts
འཁོན་འཛིན,འཁོི༹ན,rkts
འཁོར་རྒྱལ,འཁོརྒྱལ,rkts
འཁྲུག་ལོང,འཁྲུངོ,rkts
འགལ་རྐྱེན,འགལྱེན,rkts
འགྱུ་བྱེད,འགྱེུད,rkts
འགྱུར་མེད,འགྱུརེད,rkts
འགྱུར་མེད,འགྱུརེཾད,rkts
འགྲོ་དྲུག,འགྲོུག,rkts
འགྲོ་མགོན,འགྲཽན,rkts
འཆི་སྦྱོར,འཆིོར,rkts
འཆི་སྦྱོར,འཆྱིོར,rkts
འཆི་སྦྱོར,འཆྱོིར,rkts
འཇམ་དབྱངས,འཇཾངས,rkts
འཇམ་དབྱངས,འཇཾཡངས,rkts
འཇམ་དབྱངས,འཇྱཾངས,rkts
འཇིག་རྟེན,འཇིགེན,rkts
འཇིག་རྟེན,འཇིནེ,rkts
འཇིག་རྟེན,འཇིེན,rkts
འཇིག་རྟེན,འིཏེན,rkts
འཇིག་རྟེན,འིནེ,rkts
འཇིག་རྟེན,འིེན,rkts
འཇིགས་མེད,འཇིཊེདཾ,rkts
འཇིབ་བྱེད,འཇིབྱེད,rkts
འཇུག་ལྡོག,འཇོུག,rkts
འཇུར་མདུད,འཇུཾད,rkts
འཇོག་དགོས,འཇོགོས,rkts
འཇོལ་འཇོལ,འཇཽལ,rkts
འཐུལ་འཐུལ,འཐཱུལ,rkts
འཐོར་རླུང,འཐོརླུང,rkts
འདུ་འཕྲོད,འདྲོུད,rkts
འདུལ་བྱེད,འདུལྱེད,rkts
འདོལ་འདོལ,འདཽལ,rkts
འཕྲོགས་སོ,འཕྲོགསོ,rkts
འབུར་འབུར,འབཱུར,rkts
འབྱུང་གནས,འབྱུངས,rkts
འབྲས་རྗེན,འབྲསེན,rkts
འབྲུ་བོགས,འབྲོུགས,rkts
འབྲེལ་མེད,འབྲེལེཾད,rkts
འཚུབ་འཚུབ,འཚཱུབ,rkts
འཚེ་སྐྱོང,འཚྱོེད,rkts
འཚོ་སྐྱོང,འཚྱོང,rkts
འཛུམ་འཛུམ,འཛཱུམ,rkts
འཛོང་འཛོང,འཛཱོང,rkts
འཛོང་འཛོང,འཛཽང,rkts
འོ་མ་འཛིན,འོུ༹ཾནི,rkts
འོད་འཕྲོས,འདྲཽས,rkts
འོད་འཕྲོས,འོདྲོས,rkts
འོད་སྲུངས,འོདྲུངས,rkts
འོས་སུ་ཆེ,འོསེུ,rkts
ཡང་དག་གསལ,ཡང་དགལས,rkts
ཡབ་དང་སྲས,ཡབ་སྲས,rkts
ཡུལ་ལྗོངས,ཡུལྗོངས,rkts
ཡོངས་སྲུང,ཡོངསྲུང,rkts
རི་བོང་ཅན,རིངོན,rkts
རིགས་གསུམ,རིགསུམ,rkts
རིགས་གསུམ,རིགསུཾ,rkts
རིགས་དྲུག,རིགྲུག,rkts
རིགས་སྔགས,རིགསྔཊ,rkts
རིང་བསྲེལ,རིངྲེལ,rkts
རིན་པོ་ཆེ,རིནོེ,rkts
རིན་པོ་ཆེ,རོིེན,rkts
རྐྱང་རྐྱང,རྐྱྱང,rkts
རྒྱ་མཚོའི,རྒྱོཾའི,rkts
རྒྱབ་བཤུལ,རྒྱབཤུལ,rkts
རྒྱལ་པོའི,རྒྱལོའི,rkts
རྒྱལ་བྱེད,རྒྱལྱེད,rkts
རྒྱལ་བློན,རྒྱལོན,rkts
རྒྱལ་སྟོད,རྒྱལོད,rkts
རྒྱལ་སྲིད,རྒྱལྲིད,rkts
རྗེས་གསོར,རྗེསོར,rkts
རྟ་རྒྱུགས,ངྱུགས,rkts
རྟ་རྒྱུགས,ངྱུཊ,rkts
རྣམ་པར་དག,རྣམྲག,rkts
རྣམ་པར་དག,རྣཾརག,rkts
རྣམ་མཁྱེན,རྣམཁྱེན,rkts
རྣམ་མཁྱེན,རྣཾནེ,rkts
རྣམ་མཁྱེན,རྣྱེཾན,rkts
རྣལ་འབྱོར,རྣལྦྱོར,rkts
རྣལ་འབྱོར,རྣལྱོར,rkts
རྣལ་འབྱོར,རྣོར,rkts
རྣལ་འབྱོར,རྣྱོར,rkts
རྦོད་གཏོང,རྦཽདང,rkts
རྦོད་སྟོང,རྦོདོང,rkts
རྦོད་སྟོང,རྦཽདང,rkts
རྩང་བསྐུར,རྩུངར,rkts
རྩང་བསྐུལ,རྩུངལ,rkts
རྩང་བསྐུལ,རྩུལ,rkts
རྩང་བསྐུལ,རྩུཾལ,rkts
རྩང་བསྟོད,རྩྟོཾད,rkts
རྩལ་སྒྲུབ,རྩྲུབ,rkts
རྩིབས་སྒོ,རྩིབསྒོ,rkts
རྩེ་མོ་ཅན,རྩེོཾན,rkts
རྩེ་མོ་ལྔ,རྩྔེོཾ,rkts
རྩེ་མོ་ལྔ,རྩྨོེམ,rkts
རྩེ་རྒྱུད,རྩྱུད,rkts
རྩེ་རྒྱུད,རྩྱེུད,rkts
རྫུ་འཕྲུལ,རྫུུལ,rkts
རྫུ་འཕྲུལ,རྫྲུལ,rkts
རྫོགས་ཆེན,རྫོཊེན,rkts
རྫོགས་ཆེན,རྫོེགསན,rkts
རྫོགས་སངས,རྫོགསངས,rkts
རྫོང་སྲུང,རྫྲོུང,rkts
རློབ་རློབ,རླཽབ,rkts
ལུག་གི་ལོ,ལུགིལོ,rkts
ལུས་སྐྱེས,ལུསྐྱེས,rkts
ལུས་སྐྱོབ,ལུསྐྱོབ,rkts
ལུས་སྟོབས,ལུསྟོབས,rkts
ལེགས་གསུང,ལེགསུང,rkts
ལེགས་སྦྱར,ལེགསྦྱར,rkts
ལེགས་སྦྱར,ལེབྱར,rkts
ལོག་འདྲེན,ལོགྲེན,rkts
ལོག་འདྲེན,ལྲོེན,rkts
ལྕགས་སྐུད,ལྕགསྐུད,rkts
ལྕིག་ལྕིག,ལྕིིག,rkts
ལྕེབ་བྱེད,ལྕེབྱེད,rkts
ལྕོག་ལྕོག,ལྕཽག,rkts
ལྡེམ་མེ་བ,ལྡེམེ་བ,rkts
ལྡེམ་ལྡེམ,ལྡཻམ,rkts
ལྷན་སྐྱེས,ལྷྱེས,rkts
ལྷས་བསྐོས,ལྷསྐོས,rkts
ལྷུག་ལྷུག,ལྷཱུག,rkts
ལྷུང་བཐེད,ལྗེུངད,rkts
ལྷུང་བཟེད,ལྷུངེ༹ད,rkts
ལྷུན་གྲུབ,ལྷུནྲུབ,rkts
ལྷུན་གྲུབ,ལྷུབ,rkts
ལྷུན་གྲུབ,ལྷྲུབ,rkts
ལྷོ་ཕྱོགས,ལྷཽཊ,rkts
ལྷོ་ཕྱོགས,ལྷྱོགས,rkts
ལྷོ་ཕྱོགས,ལྷྱཽགས,rkts
ལྷོག་ལྷོག,ལྷཽག,rkts
ཤན་སྦྱར་མ,ཤནྱརཾ,rkts
ཤུམ་ཤུམ་པ,ཤཱུམ་པ,rkts
སུན་འབྱིན,སིུན,rkts
སེང་གེ་ཅན,སེངེན,rkts
སེམས་འཚེར,སཻ༹ཾར,rkts
སེམས་སྡུག,སེཾསྡུག,rkts
སེར་སྣ་ཅན,སྣེརན,rkts
སོན་འདེབས,སོན་འདེས,rkts
སྐབས་གསུམ,སྐབསུཾ,rkts
སྐབས་འཚོལ,སྐབོ༹ལ,rkts
སྐུལ་བྱེད,སྐུལྱེད,rkts
སྐྱེ་མཆེད,སྐྱེདེ,rkts
སྐྱེ་མཆེད,སྐྱཻད,rkts
སྐྱེ་འགྲོ,སྐྱེརོ,rkts
སྐྱེ་འགྲོ,སྐྱོེ,rkts
སྐྱེ་འགྲོ,སྐྱྲོེ,rkts
སྐྱེལ་མཁན,སྐྱེནཾ,rkts
སྐྱོན་བྲལ,སྐྱོནྲལ,rkts
སྐྱོན་ཡོན,སྐྱཽན,rkts
སྒུར་སྒུར,སྒུུར,rkts
སྒྲ་འདོགས,སྒྲཽཊ,rkts
སྒྲོགས་སུ,སྒྲོགསུ,rkts
སྔོན་འགྲོ,སྔོནྲོ,rkts
སྔོན་འགྲོ,སྔོཨཽནྲ,rkts
སྙོན་མོངས,སྙོངོས,rkts
སྟག་གི་རོ,སྟགི་ལོ,rkts
སྟག་སྨྱོས,སྟྱོས,rkts
སྟངས་སྟབས,སྟངསྟབས,rkts
སྟོད་འདུལ,སྟོདུལ,rkts
སྡིག་སྲིན,སྡིན,rkts
སྡིག་སྲིན,སྡྲིིན,rkts
སྡུག་གེ་བ,སྡུགེ་བ,rkts
སྡུག་བསྔལ,བསྡུལ,rkts
སྡུག་བསྔལ,སྡུགལ,rkts
སྡུག་བསྔལ,སྡུལ,rkts
སྡུག་བསྔལ,སྡུཾལ,rkts
སྡེ་བརྒྱད,སྔྱེད,rkts
སྡེ་བརྒྱད,སྡྱེད,rkts
སྡོམ་གསུམ,སྡོཾ་གསུཾ,rkts
སྣོད་བཅུད,སྣོུད,rkts
སྤུན་གསུམ,སྤུན༣,rkts
སྤྱན་དྲངས,སྤྱངས,tibschol
སྤྱན་དྲངས,སྤྱངྲས,rkts
སྤྱན་དྲངས,སྤྱནངས,rkts
སྤྱན་དྲངས,སྤྱནྔར,rkts
སྤྱན་དྲངས,སྤྱནྲངས,rkts
སྤྱི་གཙུག,སྤྱིུག,rkts
སྤྱི་གཙུག,སྤྱིུག༹,rkts
སྤྱོད་ལྡན,སྤྱོལྡན,rkts
སྤྲིན་ཆེན,སྤྲིནེ,rkts
སྤྲིན་དུས,སྤྲིནུས,rkts
སྤྲེལ་གྱི,སྤྲེལྱི,rkts
སྤྲོ་སྤྲོ,སྤྲཽ,rkts
སྤྲོས་བྲལ,སྤྲོལ,rkts
སྦས་སྐུངས,སྦསྐུངས,rkts
སྦྱིན་གནས,སྦྱིནས,rkts
སྦྱིན་གྱི,སྦྱིནྱི,rkts
སྦྱིན་ལེན,སྦྱིནེ,rkts
སྦྲུལ་གྱི,སྦྲུལྱི,rkts
སྨད་དཀྲིས,སྨདཀྲིས,rkts
སྨིན་གྲོལ,སྨྲིལོ,rkts
སྨིན་གྲོལ,སྨྲོིལ,rkts
སྨིན་དྲུག,སྨིནྲུག,rkts
སྨིན་དྲུག,སྨྲིུག,rkts
སྲ་མཁྲེགས,སྲེཾཊ,rkts
སྲིད་སྲུང,སྲིུདང,rkts
སྲིན་པོའི,སྲིནོའི,rkts
སྲོག་གཅོད,སྲོགོད,rkts
སྲོག་གཅོད,སྲོགྕོད,rkts
སྲོག་གཅོད,སྲཽགད,rkts
སྲོག་གསུམ,སྲོགསུཾ,rkts
སྲོལ་ཚུགས,སྲོལུ༹ཊ,rkts
སླར་བརྗོད,སླརྗོད,rkts
སློབ་གཉེར,སློབྙེར,rkts
སློབ་གཉེར,སློེབྙར,rkts
སློབ་དཔོན,སློན,rkts
སློབ་དཔོན,སློབོན,rkts
སློབ་དཔོན,སླཽན,rkts
སློབ་དཔོན,སླཽབན,rkts
སློབ་འདོད,སློབོད,rkts
སློབ་འདོད,སླཽད,rkts
ཀུ་ཙན་དན,ཀུ༹ན,rkts
ཀུན་གྱིས,ཀུནྱིས,rkts
ཀུན་གྲུབ,ཀུནྲུབ,rkts
ཀུན་རྫོབ,ཀོུ༹བ,rkts
ཀུན་རྫོབ,ཀོུབ,rkts
ཀུན་རྫོབ,ཀོུབ༹,rkts
ཀྱག་ཀྱོག,ཀྱགོ,rkts
ཀྱར་ཀྱོར,ཀྱརོ,rkts
ཀྱལ་ཀྱོལ,ཀྱལོ,rkts
ཀླུ་གཉེན,ཀླེུན,rkts
ཀླུ་ཐེབས,ཀླེུབས,rkts
ཀླུ་བདུད,ཀླུད,rkts
ཀླུ་ཟློག,ཀློུག,rkts
ཀླུ་ཟློག,ཀློག,rkts
ཁམས་གསུམ,ཁམསུམ,rkts
ཁམས་གསུམ,ཁམསུཾ,rkts
ཁམས་གསུམ,ཁམུཾ,rkts
ཁམས་གསུམ,ཁཾསུཾ,rkts
ཁམས་གསེང,ཁམསེང,rkts
ཁོན་འཛིན,ཁོ༹ནི,rkts
ཁྱབ་བརྡལ,ཁྱབརྡལ,rkts
ཁྱབ་བྱེད,ཁྱབྱེད,rkts
ཁྱུ་མཆོག,ཁྱོུག,rkts
ཁྱུང་ཆེན,ཁྱེུངན,rkts
ཁྲག་ཁྲོག,ཁྲགོ,rkts
ཁྲག་འཐུང,ཁྲགུང,rkts
ཁྲག་འཐུང,ཁྲུགང,rkts
ཁྲག་འཐུང,ཁྲུཾག,rkts
ཁྲི་སྲོང,ཁྲིངོ,rkts
ཁྲུག་ཅོད,འཁྲོུད,rkts
ཁྲུན་མེད,ཁྲེུད,rkts
ཁྲུན་རིང,ཁྲིུང,rkts
ཁྲུམ་སྨད,ཁྲུམད,rkts
ཁྲུམ་སྨད,ཁྲུཾད,rkts
ཁྲུས་མཁན,ཁྲུཾན,rkts
ཁྲེལ་མེད,ཁྲེལེད,rkts
ཁྲེལ་མེད,ཁྲེལེདཾ,rkts
ཁྲེལ་ཡོད,ཁྲེལོད,rkts
ཁྲོ་གཉེར,ཁྲོརེ,rkts
ཁྲོ་རྒྱལ,ཁྲོལ,rkts
ཁྲོམ་ཆེན,ཁྲོཾནེ,rkts
གཅིག་གནས,གཅིགནས,rkts
གཅིག་གིས,གཅིགིས,rkts
གཅིག་གིས,󲀇ས,rkts
གཉིས་ཀྱི,༢+ཨིས,rkts
གཉིས་ཀྱི,༢ཀྱི,rkts
གཉིས་ཀྱི,གཉིཀྱི,rkts
གཉིས་ཀྱི,ཉིསྱི,rkts
གཉིས་པའི,གཉིསའི,rkts
གཉིས་མེད,༢ད,rkts
གཉིས་མེད,༢ེད,rkts
གཉིས་མེད,གཉིདེ,rkts
གཉིས་མེད,གཉིེསད,rkts
གཉེན་ཆེན,གཉཻན,rkts
གཏུན་ཤིང,གཏུནིང,rkts
གཏུན་ཤིང,གཏིུང,rkts
གཏུམ་ཚིག,གཏིུ༹ཾག,rkts
གན་དྷོ་ལ,གནྡྷོ་ལ,rkts
གནམ་ལྕགས,གནཾཅཊ,rkts
གནམ་ལྕགས,གནྕཾགས,rkts
གནས་ཀྱིས,གནསྱི,rkts
གནས་ཀྱིས,གནྱིས,rkts
གནས་ཀྱིས,ནསྱི,rkts
གནས་ཀྱིས,ནྱསྱི,rkts
གནས་རྟེན,གནསེན,rkts
གནས་ལུགས,གནསླུཊ,rkts
གནས་ལུགས,གནླུགས,rkts
གནས་ལུགས,གནླུཊ,rkts
གནས་སྐབས,གནསྐབས,rkts
གནོད་མེད,གནྱོེད,rkts
གཙུག་ཏོར,གཙོུགར,rkts
གཙུག་ཏོར,གཙོུར,rkts
གཙོ་འཁོར,གཙོརོ,rkts
གཙོ་འཁོར,གཙཽར,rkts
གཞན་གྱིས,གཞནྱིས,rkts
གཞི་གསུམ,གཞིསུཾ,rkts
གཞི་གྲུབ,གཞྲིུབ,rkts
གཞུ་འདོམ,གཞོུམ,rkts
གཞུ་འདོམ,གཞོུཾ,rkts
གཞུ་འཛིན,གཞིུ༹ན,rkts
གཞོགས་སུ,གཞོགསུ,rkts
གཞོགས་སུ,གཞོཊུ,rkts
གཞོམ་མེད,གཞོམེད,rkts
གཟི་རྗིད,གཟྗིིད,rkts
གཟུག་ཟེར,གཟེུར,rkts
གཟུག་ཟེར,གཟྯེུར,rkts
གཟུགས་ཅན,གཟུཊན,rkts
གཟུགས་ཅན,གཟུན,rkts
གཟུང་ཟེར,གཟེུར,rkts
གཡས་གཡོན,གཡྱོན,rkts
གཤང་གཤོང,གཤངོ,rkts
གཤིན་གྱི,གཤིནི,rkts
གཤིན་གྱི,གཤིནྱི,rkts
གཤིན་རྗེ,གཤིནེ,rkts
གཤིན་རྗེ,གཤིེན,tibschol
གཤིན་རྗེ,གཤྱིནེ,rkts
གཤིན་རྗེ,གིཤེན,rkts
གཤེད་དུར,གཤེདུར,rkts
གཤོལ་ལྡན,གཤོལྡན,rkts
གསང་སྔགས,གསྔཊ,rkts
གསང་སྔགས,གསྔཌ,tibschol
གསང་སྔགས,གསྔཾགས,rkts
གསང་སྔགས,གསྔཾཊ,rkts
གསལ་རྒྱལ,གསལྱལ,rkts
གསུངས་སོ,གསུངསོ,rkts
གསུམ་མེད,གསེུཾད,rkts
གསེར་ཐོག,གསེརོག,rkts
གསེར་ཐོད,གསེརོད,rkts
གུ་དོག་པ,གུགོ་པ,rkts
གེགས་སེལ,གེགསེལ,rkts
གོས་བསུམ,གོསུཾ,rkts
གྱལ་གྱོལ,གྱལོ,rkts
གྱུར་ཅིག,གྱུརིག,rkts
གྱུར་ཅིག,གྱིུག,rkts
གྱུར་ཅིག,གྱིུརག,rkts
གྲངས་མེད,གྲངེད,rkts
གྲུ་གསུམ,གྲུསུཾཊ,rkts
གྲུ་འཛིན,གྲིུ༹ན,rkts
གྲུ་འཛིན,གྲིུན,rkts
གྲུབ་ཆེན,གྲུབེན,rkts
གྲུབ་ཆེན,གྲེུན,rkts
གྲུབ་ཐོབ,གྲུབོ,rkts
གྲུབ་ཐོབ,གྲོུབ,rkts
གྲུབ་མཐའ,གྲུཾའ,rkts
གྲོ་བཞིན,གྲོནི,rkts
གྲོ་བཞིན,གྲོིན,rkts
གྲོགས་པོ,གྲོཊོ,rkts
གྲོགས་མོ,གྲོཊོ,rkts
གྲོང་རྡལ,གྲོངལ,rkts
གླནཅ་ཆེན,གླངེན,rkts
གླེགས་བམ,གླེམ,rkts
གླེགས་བམ,གླེཾ,rkts
གླེགས་བུ,གླེགསུ,rkts
གློ་གཅོང,གློཅོང,rkts
གློ་འབུར,གློུར,rkts
ངེས་སྲེག,ངེསྲེག,rkts
ཆགས་ཐོགས,ཆཊ་ཐོཊ,rkts
ཆིབས་བསུ,ཆིབསུ,rkts
ཆུ་ཆོད་པ,ཆོུད་པ,rkts
ཆུ་དཀྱིལ,ཆིུལ,rkts
ཆེ་གེ་མོ,ཆྒཻོ,rkts
ཆེ་གེ་མོ,ཆྒོེ་ཆྒོེ,rkts
ཆེ་གེ་མོ,ཆྒོཻ་ཆྨོཻ,rkts
ཆེན་པོའི,ཆེནོའི,rkts
ཆེན་པོའི,ཆེནོི,rkts
ཆོ་འཕྲུལ,ཆྲོུལ,rkts
ཆོས་གསུམ,ཆོསུམ,rkts
ཆོས་གསུམ,ཆོསུཾ,rkts
ཆོས་བྱེད,ཆྱོདེ,rkts
ཆོས་མཚམས,ཆོས༹ཾས,rkts
ཆོས་འཁོར,ཆོསོར,rkts
ཆོས་འཁོར,ཆཽསར,rkts
ཆོས་འཕེལ,ཆོསེལ,rkts
ཆོས་ལུགས,ཆོསུགས,rkts
ཆོས་ལུགས,ཆོསུཊ,rkts
ཆོས་སྟོན,ཆོསྟོན,rkts
ཆོས་སྤེལ,ཆོསེལ,rkts
ཆོས་སྲིད,ཆོསྲིད,rkts
ཆོས་སྲུང,ཆོསྲུང,rkts
ཉམས་མགུར,ཉཾསགུར,rkts
ཉམས་མྱོང,ཉམྱོང,rkts
ཉིན་ཕྱེད,ཉིདེ,rkts
ཉིན་སྲིབ,ཉྲིབ,rkts
ཉིས་སྟོང,ཉིསྟོང,rkts
ཉེར་གཅིག,ཉེར༡,rkts
ཉེར་གཅིག,ཉྲེ་གཅིག,rkts
ཉོང་མོངས,ཉཽངས,rkts
ཉོན་མོངས,ཉོངོས,rkts
ཉོན་མོངས,ཉོནོངས,rkts
ཉོན་མོངས,ཉཽངས,rkts
ཉོན་མོངས,ཉཽནངཾས,rkts
ཏིང་འཛིན,ཏིང༹ནི,rkts
ཏིང་འཛིན,ཏིངི་ན༹,rkts
ཏིང་འཛིན,ཏིངིན༹,rkts
ཐལ་འགྱུར,ཐལྱུར,rkts
ཐུགས་རྗེ,ཐུཊེ,rkts
ཐུགས་རྗེ,ཐེུགས,rkts
ཐུགས་རྗེ,ཐེུཊ,rkts
ཐུགས་རྗེ,ཐྱེ,rkts
ཐུན་མཚམས,ཐུན༹ཾས,rkts
ཐུབ་བསྟན,ཐུབསྟན,rkts
ཐེའུ་རངས,ཐྲེངས,rkts
ཐོགས་མེད,ཐོཊེཾད,rkts
ཐོགས་མེད,ཐྱོེད,tibschol
ཐོད་ཕྲེང,ཐྲདོེང,rkts
ཐོད་ཕྲེང,ཐྲོེང,rkts
ཐོར་གཙུག,ཐོུར༹ག,rkts
ཐོས་འཛིན,ཐོསི༹ན,rkts
དཀའ་སྤྱད,དཀྱད,rkts
དཀོན་ཅོག,དཀཽག,rkts
དཀོར་ནོར,དཀཽར,rkts
དགའ་འདུན,དགའདུན,rkts
དགའ་སྤྲོ,དགྲོ,rkts
དགུ་གཏོར,དགུཏོར,rkts
དགུ་ཚིགས,དགིུ༹ཊ,rkts
དགུང་ཐིག,དགིུག,rkts
དགུའི་བར,དགིུར,rkts
དགེ་གཡོག,དགེཡོག,rkts
དགེ་གོམས,དགེོམས,rkts
དགེ་བཤེས,དགེསེ,rkts
དགེ་བཤེས,དགཻས,rkts
དགེ་འདུན,དགེུན,rkts
དགེ་ལུགས,དགེུགས,rkts
དགེ་ལུགས,དགེུཊ,rkts
དགེ་སློང,དགེངོ,rkts
དགེ་སློང,དགླེངོ,rkts
དགེ་སློང,དགློེང,rkts
དགེ་སློང,དེགོང,rkts
དགོངས་སམ,དགོངསཾ,rkts
དགོན་གནས,དགོནས,rkts
དགྲ་གཉེན,དགྲཉེན,rkts
དགྲ་བཅོམ,དགྲོམ,rkts
དགྲ་བཅོམ,དགྲོཾ,rkts
དགྲ་བཅོམ,དོགྲམ,rkts
དངོས་གནས,དངོནས,rkts
དངོས་གཞི,དངོསི,rkts
དངོས་གཞི,དངོིས,rkts
དངོས་ཞེན,དངོསེན,rkts
དཔལ་བེའུ,དཔལེ,rkts
དཔལ་བེའུ,དཔལྦེའུ,rkts
དཔལ་འཛིན,དཔལི༹ན,rkts
དབང་ཕྱུག,དབྱུག,rkts
དབང་ཕྱུག,དབྱུངག,rkts
དབང་ཕྱུག,དབྱུཾག,rkts
དབང་སྔོན,དབསྔོན,rkts
དབུ་ཁྱུད,དབྱུད,rkts
དབུར་རྡོ,དབུརྡོ,rkts
དབེན་གནས,དབེནས,rkts
དབྱར་གྱི,དབྱརྱི,rkts
དབྱར་རྩྭ,དབྱརྩྭ,rkts
དམག་དཔུང,དམུང,rkts
དམག་དཔོན,དམོན,rkts
དམག་ཚོགས,དམོ༹ཊ,rkts
དམག་ཚོགས,དོམ༹གས,rkts
དམར་རེངས,དམརེངས,rkts
དམྱལ་ཁམས,དམྱཾས,rkts
དལ་བརྒྱད,དལྱད,rkts
དལ་འབྱོར,དལྱོར,rkts
དལ་འབྱོར,དླྱོར,rkts
དུག་གསུམ,དུགསུམ,rkts
དུག་གསུམ,དུགསུཾ,rkts
དུད་འགྲོ,དྲོུ,rkts
དུར་ཁྲོད,དུརྲོད,rkts
དུར་ཁྲོད,དོུད,rkts
དུར་ཁྲོད,དྲོུད,rkts
དུར་ཁྲོད,དྲོུརད,rkts
དུས་གསུམ,དུསུམ,rkts
དུས་གསུམ,དུསུཾ,rkts
དུས་མཆོད,དུསོད,rkts
དེ་དག་གི,དེགི,rkts
དེད་དཔོན,དེདཔོན,rkts
དོན་གྲུབ,དོནྲུབ,rkts
དོན་གྲུབ,དྲོུབ,rkts
དོན་སྤྱི,དོནི,rkts
དྭངས་གསལ,དྭངལ,rkts
དྲང་སྲོང,དྲངྲོང,rkts
དྲང་སྲོང,དྲོང,rkts
དྲི་བཞོན,དྲིནོ,rkts
དྲིན་ཆེན,དྲིནེ,rkts
དྲིན་ཆེན,དྲིེན,rkts
དྲུང་ཞིག,དྲིུག,rkts
དྲུང་ཡིག,དྲུངིག,rkts
དྲུང་ཡིག,དྲིུq,rkts
དྲུང་ཡིག,དྲིུག,rkts
ནགས་གསེབ,ནགསེབ,rkts
ནད་དྲག་པ,ནདྲག་པ,rkts
ནོར་འཛིན,ནོརི༹ན,rkts
ནོར་རྩེན,ནོརྩེན,rkts
པད་དཀར་མ,པདཀརཾ,rkts
པྲག་པྲིག,པྲགི,rkts
ཕག་གི་ལོ,ཕགི་ལོ,rkts
ཕལ་མོ་ཆེ,ཕལོེ,rkts
ཕུང་བྱེད,ཕུངྱེད,rkts
ཕུན་ཚོགས,ཕོུ༹གས,rkts
ཕུན་ཚོགས,ཕུགས,rkts
ཕུན་ཚོགས,ཕོུག༹ས,rkts
ཕུན་ཚོགས,ཕོུཊ,rkts
ཕོ་རྒྱུད,ཕྱོུད,rkts
ཕྱག་གཉིས,ཕྱགཉིས,rkts
ཕྱག་མདུད,ཕྱུཾད,rkts
ཕྱག་མཛོད,ཕྱོ༹ད,rkts
ཕྱད་ཕྱོད,ཕྱདོ,rkts
ཕྱམ་གཅིག,ཕྱམ༡,rkts
ཕྱམ་མེ་བ,ཕྱམེ་བ,rkts
ཕྱི་སྣོད,ཕྱིདོ,rkts
ཕྱི་སྣོད,ཕྱོིད,rkts
ཕྱེད་ཡོལ,ཕྱེདོལ,rkts
ཕྱོགས་ཅན,ཕྱོཊན,rkts
ཕྱོགས་སུ,ཕྱོགསུ,rkts
ཕྲག་ཕྲིག,ཕྲགི,rkts
བཀའ་དྲིན,བཀྲིན,rkts
བཀའ་བསྩལ,བཀ༹ལ,rkts
བཀའ་བློན,བཀློན,rkts
བཀའ་སྡོད,བ󲀱ད,rkts
བཀའ་སྲུང,བཀྲུང,rkts
བགས་ཀྱིས,བགསྱིས,rkts
བཅུ་གཅིག,བཅིུག,rkts
བཅུ་གཉིས,བཅིུས,rkts
བཅུ་གསུམ,བཅུམ,rkts
བཅུ་གསུམ,བཅུསུཾ,rkts
བཅུ་གསུམ,བཅུུམ,rkts
བཅུ་གསུམ,བཅུཾ,rkts
བཅུ་དྲུག,བཅུག,rkts
བཅུ་དྲུག,བཅྲུག,rkts
བཅུ་བདུན,བཅུན,rkts
བཅུད་ལེན,བཅེུན,rkts
བཅུད་ལྡན,བཅུལྡན,rkts
བཅུའི་བར,བཅུའིར,rkts
བཅོམ་ལྡན,བཅོནཾ,rkts
བཅོམ་ལྡན,བཅོཾདན,rkts
བཅོམ་ལྡན,བཅོཾན,rkts
བཅོམ་ལྡན,བཅྡོཾན,rkts
བདག་འཛིན,བདགི༹ད,rkts
བདག་འཛིན,བདགི༹ན,rkts
བདུད་རྩི,བདུ༹དི,tibschol
བདུད་རྩི,བདིུ༹ད,rkts
བདུད་རྩི,བདུདི༹,rkts
བདུད་རྩི,བདིུད,rkts
བདུད་རྩི,བདིུད༹,rkts
བདེ་མཆོག,བདེོཾག,rkts
བདེ་ལེགས,བདཻཊ,rkts
བབ་བསྟུན,བབསྟུན,rkts
བཙས་སྟོན,བཙསྟོན,rkts
བཞུགས་སོ,བཞུགསོ,rkts
བཞུགས་སོ,བཞུཊོ,rkts
བཟོད་ལྡན,བཟོལྡན,rkts
བརྒྱན་བྱ,བརྒྱནྱ,rkts
བརྔུབ་བྱ,བརྔུབྱ,rkts
བརྟེན་ནས,བརྟེནས,rkts
བཤོལ་ལྡན,བཤོལྡན,rkts
བསགས་པའི,བསཊའི,rkts
བསིལ་གཡབ,བསྱིབ,rkts
བསིལ་ལྡན,བསིལྡན,rkts
བསོད་ནམས,བསོད་ནཾས,rkts
བསོད་ནམས,བསོདཾས,rkts
བསོད་ནམས,བསོཾདས,rkts
བསོད་ནམས,བསོཾས,rkts
བསྐལ་དོན,བསྐལོན,rkts
བསྐལ་བཟང,བསྐལང,rkts
བསྐུལ་བྱ,བསྐུལྱ,rkts
བསྐུལ་ལོ,བསྐུལོ,rkts
བསྐོས་ཏེ,བསྐོསྟེ,rkts
བསྒྱུར་བ,བངྱུར་བ,rkts
བསྟན་པའི,བསྟནའི,rkts
བསྟོད་དོ,བསྟོདོ,rkts
བསྣུབ་བྱ,བསྣུབྱ,rkts
བསྲུབ་བྱ,བསྲུབྱ,rkts
བསླུ་བའི,བསླུའི,rkts
བསླུ་མེད,བསླེུད,rkts
བསླུ་མེད,བསླེུདཾ,rkts
བུག་གཉིས,བུགཉིས,rkts
བུམ་སྟོང,བུཾ་སྟོང,rkts
བྱ་བཏང་བ,བྱཏང་བ,rkts
བྱ་བྱེའུ,བྱའེུ,rkts
བྱང་སེམས,བྱངེཾས,rkts
བྱམས་ཆེན,བྱཾསེན,rkts
བྱི་བཞིན,བྱིནི,rkts
བྱི་བཞིན,བྱིཞིན,rkts
བྱི་བཟུང,བྱིཟུང,rkts
བྱེད་ཅིང,བྱེདིང,rkts
བྱོལ་སོང,བྱོང,rkts
བྱོལ་སོང,བྱོངགས,rkts
བྱོལ་སོང,བྱོལོང,rkts
བྱོལ་སོང,བྱཽང,rkts
བྱོལ་སོང,བྱཽལང,rkts
བྲག་གཟེར,བྲགཟེར,rkts
བྲག་གསེང,བྲགསེང,rkts
བྲང་བྲེང,བྲངེ,rkts
བྲུབས་སུ,བྲུབསུ,rkts
བླ་བརྡོལ,བླརྡོལ,rkts
བློ་གྲོས,བློས,rkts
བློ་གྲོས,བླཽས,rkts
བློ་མཐུན,བློུན,rkts
བློ་འཛིན,བློི༹ན,rkts
བློན་ཆེན,བློེན,rkts
མཁའ་གྲུབ,མཁྲུབ,rkts
མཁའ་འགྲོ,མཁའགྲོ,rkts
མཁའ་འགྲོ,མཁརོ,rkts
མཁའ་འགྲོ,མཁྲོ,rkts
མཁའ་འགྲོ,མཁྲོའ,rkts
མཁའ་འགྲོ,མྲོ,rkts
མཁའ་ལྡིང,མཁལྡིང,rkts
མཁའ་ལྡིང,མཁྡིང,rkts
མཁས་གྲུབ,མཁསྲུབ,rkts
མཁས་གྲུབ,མཁྲུབ,rkts
མཁས་གྲུབ,མྲུབ,rkts
མཁུར་ཚོས,མཁོུ༹ས,rkts
མཁྱེན་རབ,མྱེནབ,rkts
མཁྱེན་རབ,མྱེབ,rkts
མཁྲེགས་པ,མཁྲེཊ་པ,rkts
མགོ་གཉིས,མགོཉིས,rkts
མགོ་གནོན,མགོནོན,rkts
མགོ་གཞུག,མགོཞུག,rkts
མགོ་གཟེར,མགོཟེར,rkts
མགོ་གསུམ,མགོསུཾ,rkts
མགོ་གྲུང,མགྲོུང,rkts
མགྲིན་ནག,མགྲིནག,rkts
མངག་གཞུག,མངགཞུག,rkts
མངག་གཞུག,མངུག,rkts
མངའ་འབངས,མངའབངས,rkts
མངོན་ཚུལ,མངོུ༹ལ,rkts
མངོན་ཤེས,མངོསེ,rkts
མངོན་ཤེས,མངོེས,rkts
མངོན་སུམ,མངསུཾ,rkts
མངོན་སུམ,མངོནུམ,rkts
མངོན་སུམ,མངོསུཾ,rkts
མཆིལ་ལྷམ,མཆིལྷམ,rkts
མཆོག་ཆེན,ཆྱོེན,rkts
མཆོག་བྲན,མཆོགྲན,rkts
མཆོད་ཡོན,མཆྱོན,rkts
མཆོད་རྫས,མཆོད༹ས,rkts
མཇུག་བྱང,མུང,rkts
མཐའ་མཚམས,མཐ༹ཾས,rkts
མཐའ་འཁོབ,མཐའོབ,rkts
མཐའ་འཁོབ,མཐོབ,rkts
མཐའ་རྟེན,མཐའེན,rkts
མཐའ་སྐོར,མཐའོར,rkts
མཐར་ཕྱིན,མཐརིན,rkts
མཐར་ཕྱིན,མཐིརན,rkts
མཐར་ཕྱིན,མཐྱིན,rkts
མཐུན་མོང,མཐོུང,rkts
མཐུན་རྫས,མཐུན༹ས,rkts
མདའ་འཛིན,མདའ༹ནི,rkts
མདོ་དབུས,མདོབུས,rkts
མདོ་དར་མ,མདོར་མ,rkts
མན་ཆད་དུ,མནདུ,rkts
མནལ་ལྟོས,མནལྟོས,rkts
མཚན་གཉིས,མཚིས,rkts
མཚན་མཚོན,མཚནོ,rkts
མཚམས་ཀྱི,མཚམསྱི,rkts
མཚམས་བཅད,མཚཾཅད,rkts
མཚམས་བཅད,མཚྩམད,rkts
མཚམས་མེད,mtsheMd,rkts
མཚམས་ཞུས,མཚུཾས,rkts
མཚམས་ཞུས,མཚྮུཾས,rkts
མཚམས་ཞུས,འཚུམས,rkts
མཚོ་གླིང,མཚློངི,rkts
མཚོ་གླིང,མཚློིང,rkts
མཚོ་བྱུང,མཚོུང,rkts
མཚོ་རྒྱལ,མཚྱོལ,rkts
མཛའ་བཤེས,མཛསྴེ,rkts
མཛའ་མཐུན,མཛུན,rkts
མཛེས་པའི,མེ༹སའི,rkts
མཛེས་ལྡན,མེ༹སྡན,rkts
མཛོད་བདག,མ༹དོག,rkts
མཛོད་ལྡན,མ༹དོིན,rkts
མཛོད་ལྡན,མ༹ལྡོན,rkts
མི་མཉམ་པ,མིཉཾ་པ,rkts
མི་འགྱུར,མྱིུར,rkts
མིག་གཅིག,མིགཅིག,rkts
མིག་གཉིས,མིགཉིས,rkts
མིག་གཡེར,མིགཡེར,rkts
མུ་སྙེགས,མེུགས,rkts
མུ་སྟེགས,མེུགས,rkts
མུ་སྟེགས,མེུཊ,rkts
མུ་སྟེགས,མྟེུགས,rkts
མུ་སྟེགས,མྟེུཊ,rkts
མོ་རྒྱུད,མྱོུད,rkts
མོས་སྒོམ,མོསྒོཾ,rkts
མྱག་མྱོག,མྱགོ,rkts
ཚངས་སྐུད,ཚངསྐུད,rkts
ཚིག་གསུམ,ཚིགསུཾ,rkts
ཚིགས་བཅད,ཚིགད,rkts
ཚིགས་བཅད,ཚིགསད,rkts
ཚིགས་སུལ,ཚིགསུལ,rkts
ཚུལ་ལུགས,ཚུལུགས,rkts
ཚུལ་ལུགས,ཚུལུཊ,rkts
ཚོགས་བདག,ཚོཊདག,rkts
ཞབས་ཀྱིས,ཞབསྱིས,rkts
ཞིབ་བཤེར,ཞིབཤེར,rkts
ཟབ་བརླིང,ཟབརླིང,rkts
ཟུང་གཅིག,ཟུངིག,rkts
ཟུང་འཇུག,ཟུངག,rkts
ཟུང་འཇུག,ཟུངུག,rkts
ཟུང་འཇུག,ཟུུཾག,rkts
ཟླ་གམ་ཅན,ཟླཾན,rkts
འཁར་གསིལ,འཁརིལ,rkts
འཁོར་བཅས,འཁོརས,rkts
འཁོར་བཅས,འརོས,rkts
འཁོར་བཅས,འྲོས,rkts
འཁོར་འདས,འཁོརས,rkts
འཁོར་འདས,འཁོརྡས,rkts
འཁོར་འདས,འཁྡོརས,rkts
འཁོར་འདས,འཁྡོས,rkts
འཁོར་ལོར,འཁཽརར,rkts
འགུམས་སུ,འགུམསུ,rkts
འགོང་བའི,འགོངའི,rkts
འགྱུར་རོ,འགྱུརོ,rkts
འགྲུབ་བྱ,འགྲུབྱ,rkts
འགྲོ་མགན,འགྲོན,rkts
འགྲོན་བུ,འགྲོནུ,rkts
འཆབ་བྱེད,འཆབྱེད,rkts
འཇམ་མགོན,འཇམགོན,rkts
འཇམ་མགོན,འཇཾགོན,rkts
འཇམ་མཉེན,འཇམཉེན,rkts
འཇམ་མཛེས,འཛཾསེ,rkts
འཇིགས་སུ,འཇིཊ་སུ,rkts
འཇོ་སྒེག,འཇོེག,rkts
འདབ་བརྒྱ,འདབརྒྱ,rkts
འདི་བཞེས,འདིེས,rkts
འདུ་བྱེད,འདེུད,rkts
འདུ་འབྲལ,འདྲུལ,rkts
འདུག་གནས,འདུགནས,rkts
འདུག་གིན,འདུགིན,rkts
འདེབས་སུ,འདེབསུ,rkts
འདོ་དྲུག,འདྲོུག,rkts
འདོད་ཁམས,འདོདཾས,rkts
འདོད་ཆགས,འདོཌ,tibschol
འདོད་ཆགས,འདོདགས,rkts
འདོད་ཆགས,འདོདཊ,rkts
འདོད་དགུ,འདོདགུ,rkts
འདོད་དུས,འདོུས,rkts
འདོད་བྲལ,འདོདྲལ,rkts
འདོད་ཡོན,འདོདོན,rkts
འདོད་ཡོན,འདཽདན,rkts
འདོད་ལྡན,འདོལྡན,rkts
འདོན་མཁན,འདོཾན,rkts
འདྲེ་དཀར,འདྲེཀར,rkts
འདྲེས་ཚལ,འདྲེས༹ལ,rkts
འཕེན་མཁན,འཕེཾན,rkts
འཕེལ་གྱི,འཕེལྱི,rkts
འཕྲིན་ལས,ཕྲིས,rkts
འཕྲིན་ལས,འཕྲིནས,rkts
འཕྲིན་ལས,འཕྲིས,rkts
འཕྲེད་དུ,འཕྲེདུ,rkts
འབག་འབུག,འབགུ,rkts
འབད་རྩོལ,འབོ༹ལ,rkts
འབབ་བྱེད,འབབྱེད,rkts
འབར་འབུར,འབརུ,rkts
འབུམ་ཕྲག,འབུཾག,rkts
འབུམ་ཕྲག,འབྲུཾག,rkts
འབྱུང་པོ,འབྱུངོ,rkts
འབྱུང་པོ,འབྱོུང,rkts
འབྲས་སིལ,འབྲསིལ,rkts
འབྲུག་གི,འབྲུགི,rkts
འབྲུམ་བུ,འབྲུཾ་བུ,rkts
འཚབ་འཚུབ,འཚབུ,rkts
འཚམས་མེད,འཚེམད,rkts
འཚམས་མེད,འཚཾདེ,rkts
འཚམས་ཞུས,འཚུཾས,rkts
འཛམ་གླིང,འཛླམིང,rkts
འཛམ་གླིང,འཛླིང,rkts
འཛེམ་མེད,འཛེཾདེ,rkts
འཛོམ་མེད,འཛེམེད,rkts
འོད་བདུན,འོདུན,rkts
འོད་མཛེས,འོདེ༹ས,rkts
འོད་འཕུར,འོདུ,rkts
འོད་འཚེར,འོདེ༹ར,rkts
འོལ་སྤྱི,འོལྱི,rkts
ཡ་མཚན་ནས,ཡ༹ནས,rkts
ཡན་ཆད་དུ,ཡནདུ,rkts
ཡན་ལག་གི,ཡནགི,rkts
ཡན་ལག་ཅན,ཡནགན,rkts
ཡིད་བཞིན,ཡིདནི,rkts
ཡེམ་མེ་བ,ཡེམེ་བ,rkts
ཡོན་མཆོད,ཡཽནད,rkts
རང་ཆས་སུ,རངསུ,rkts
རང་འབྱུང,རྲྱུང,rkts
རབ་བརྗིད,རབརྗིད,rkts
རབ་བསྔགས,རབསྔཊ,rkts
རབ་འབྱམས,རབྱམས,rkts
རབ་འབྱམས,རབྱཾས,rkts
རབ་འབྱོར,རབྱོར,rkts
རལ་འཁྱམས,རལྱཾས,rkts
རིག་གསུམ,རིགསུཾ,rkts
རིག་འཛིན,རིགི༹ན,rkts
རིགས་རུས,རིུས,rkts
རུ་འཛིངས,རིུ༹ངས,rkts
རུས་མཛེར,རུསེ༹ར,rkts
རུས་མཛོད,རོུ༹ད,rkts
རུས་སྦོས,རུསྦོས,rkts
རོ་རུལ་བ,རོུལ་བ,rkts
རྒྱ་མཚོར,ངྱོ༹ར,rkts
རྒྱ་མཚོར,རྒྱོ༹ཾར,rkts
རྒྱན་གྱི,རྒྱནྱི,rkts
རྒྱབ་བཀྲ,རྒྱབཀྲ,rkts
རྒྱལ་ཆེན,རྒྱལེན,rkts
རྒྱལ་ཆེན,ལེན,rkts
རྒྱལ་པོས,རྒྱལོས,rkts
རྒྱལ་བའི,རྒྱལའི,rkts
རྒྱལ་མཚན,རྒྱ༹ན,rkts
རྒྱལ་མཚན,རྒྱལ༹ན,rkts
རྒྱལ་སྨད,རྒྱལད,rkts
རྒྱལ་སྲས,རྒྱལྲས,rkts
རྒྱུ་མཚན,རྒྱུ༹ན,rkts
རྒྱུ་མེད,རྒྱེུད,rkts
རྔབ་རྔུབ,རྔབུ,rkts
རྗེ་བཙུན,རྗེུན,rkts
རྗེ་བཙུན,རྗེུན༹,rkts
རྗེ་བཙུན,རྫེུན,rkts
རྗེ་བཙུན,རྫེན,rkts
རྗེས་དྲན,རྗེསྲན,rkts
རྗེས་སོར,རྗེསོར,rkts
རྟ་མགྲིན,རྟྲིན,rkts
རྟབ་རྟོབ,རྟབོ,rkts
རྟོགས་སུ,རྟོགསུ,rkts
རྟོགས་སུ,རྟོཊུ,rkts
རྡུལ་ལྡན,རྡུལྡན,rkts
རྣམ་གྲངས,རྣངཾས,rkts
རྣམ་གྲངས,རྣཾངས,rkts
རྣམ་གྲངས,རྣྲཾངས,rkts
རྣམ་གྲོལ,རྣྲོཾལ,rkts
རྣམ་རྒྱལ,རྣྱམལ,rkts
རྣམ་རྒྱལ,རྣྱཾལ,rkts
རྣམ་རྟོག,རྣོམག,rkts
རྣམ་རྟོག,རྣོཾག,rkts
རྣམ་སེཧས,རྣེམས,rkts
རྣམས་ཀྱང,རྣཾསྱང,rkts
རྣམས་ཀྱི,རྣཾསྱི,rkts
རྦད་རྦོད,རྦདོ,rkts
རྩ་བརྒྱད,རྩྱད,rkts
རྩ་འགྲེལ,རྩྲེལ,rkts
རྩ་རྒྱུད,རྩྱུད,rkts
རྩག་རྩིག,རྩགི,rkts
རྩང་གྱེར,རྩྱེངར,rkts
རྩང་གྱེར,རྩྱེཾར,rkts
རྩང་རྩིང,རྩངི,rkts
རྩང་སྟོད,རྩྟོད,rkts
རྩབ་རྩུབ,རྩབུ,rkts
རྩེ་དྲུག,རྩྲུག,rkts
རྩེ་དྲུག,རྩྲེུག,rkts
རྩེ་དྲུང,རྩྲུང,rkts
རྩེ་རྒྱལ,རྩྱེལ,rkts
རྩེད་དགའ,རྩེདགའ,rkts
རྩེན་གནས,རྩེནས,rkts
རྩོད་མེད,རྩོདེཾ,rkts
རྩོད་ལྡན,རྩོལྡན,rkts
རྩོམ་མཁན,རྩོམཁན,rkts
རྫན་རྫུན,རྫནུ,rkts
རྫབ་རྫོབ,རྫབོ,rkts
རྫས་ཀྱིས,རྫྱིས,rkts
རྫེ་བཙུན,རྫེུན,rkts
རླན་རློན,རླནོ,rkts
ལ་ཚུགས་པ,ལུ༹ཊ་པ,rkts
ལམ་མེད་པ,ལམེད་པ,rkts
ལས་སྒྲིབ,ལསྒྲིབ,rkts
ལས་སླ་པོ,ལསློ,rkts
ལུང་བསྟན,ལུངན,rkts
ལུང་བསྟན,ལུངྟན,rkts
ལུང་སྟོན,ལུངོན,rkts
ལུས་སེམས,ལེུཾས,rkts
ལུས་སྲུང,ལུསྲུང,rkts
ལེགས་བཤད,ལེཊད,rkts
ལེགས་ལྡན,ལེགྡན,rkts
ལེགས་ལྡན,ལྡེགན,rkts
ལེགས་ལྡན,ལྡེན,rkts
ལོག་གཡེམ,ལོགཡེམ,rkts
ལོངས་སྐུ,ལོངསྐུ,rkts
ལྕགས་ཀྱུ,ལྕཀྱུ,rkts
ལྕགས་ཀྱུ,ལྕགུ,rkts
ལྕགས་ཀྱུ,ལྕུཊ,rkts
ལྕགས་ཀྱོ,ལྕྱོཊ,rkts
ལྗན་ལྗིན,ལྗནི,rkts
ལྗབ་ལྗིབ,ལྗབི,rkts
ལྟག་གཅོད,ལྟགཅོད,rkts
ལྟག་ལྟིག,ལྟགི,rkts
ལྟེམ་མེར,ལྟེཾརེ,rkts
ལྡབ་ལྡིབ,ལྡབི,rkts
ལྡབ་ལྡོབ,ལྡབོ,rkts
ལྡམ་ལྡུམ,ལྡམུ,rkts
ལྡར་ལྡིར,ལྡརི,rkts
ལྷག་གེ་བ,ལྷགེ་བ,rkts
ལྷག་ལྷོག,ལྷགོ,rkts
ལྷན་གཅིག,ལྷིག,rkts
ལྷན་ཚོགས,ལྷནོ༹ཊ,rkts
ལྷན་རྒྱས,ལྷྱས,rkts
ལྷབ་ལྷུབ,ལྷབུ,rkts
ལྷུག་གེར,ལྷུགེར,rkts
ཤར་ཕྱོགས,ཤརོགས,rkts
ཤར་ཕྱོགས,ཤརོཊ,rkts
ཤར་ཕྱོགས,ཤརྒོས,rkts
ཤར་ཕྱོགས,ཤྱགོས,rkts
ཤར་ཕྱོགས,ཤྱོཊ,rkts
ཤིང་སྔོན,ཤིངནོ,rkts
ཤེར་ཕྱིན,ཤེརིན,rkts
ཤེས་བྱེད,ཤེསྱེད,rkts
སང་སང་པོ,སཱང་པོ,rkts
སངས་རྒྱས,སངྱས,rkts
སངས་རྒྱས,སརྒྱས,rkts
སངས་རྒྱས,སྔྱས,rkts
སུམ་བརྒྱ,སུཾ་བངྱ,rkts
སུམ་བརྒྱ,སུཾ་བརྒྱ,rkts
སུམ་རྩེན,སུམེ༹ན,rkts
སེམས་ཆེན,སེཾསེན,rkts
སེམས་ཉིད,སེཾསིད,rkts
སེམས་དཔའ,སེདའཾ,rkts
སེམས་དཔའ,སེཾདའ,rkts
སེམས་དཔའ,སེཾའ,rkts
སེམས་པའི,སེཾསའི,rkts
སེར་ནག་མ,སེརགཾ,rkts
སོམས་ཤིག,སོསཾ་ཤིག,rkts
སོམས་ཤིག,སོཾས་ཤིག,rkts
སྐུ་མདུན,སྐུཾན,rkts
སྐུ་མདོག,སྐུདོག,rkts
སྐུ་མདོག,སྐོུག,rkts
སྐུ་སྟོད,སྐོུད,rkts
སྐྱིད་དོ,སྐྱིདོ,rkts
སྐྱིད་པོ,སྐྱིདོ,rkts
སྐྱེ་དགུ,སྐྱེུ,rkts
སྐྱེ་མེད,སྐྱཻད,rkts
སྐྱེ་རྒུ,སྐྱེུ,rkts
སྐྱེད་ཚལ,སྐྱེད༹ལ,rkts
སྐྱེས་ཏེ,སྐྱེསྟེ,rkts
སྐྱེས་བུ,སྐྱེསུ,rkts
སྐྱོ་ཤེས,སྐྱོསེ,rkts
སྐྱོ་ཤེས,སྐྱོེས,rkts
སྒྱུ་རྩལ,སྒྱུ༹ལ,rkts
སྔོན་གྱི,སྔོནྱི,rkts
སྔོན་གྱི,སྔོིནྱ,rkts
སྙིང་ཁྲག,སྙྲིཾག,rkts
སྙིང་ཐིག,སྙིངིག,rkts
སྙིང་རྗེ,སྙིངེ,rkts
སྙིང་རྗེ,སྙིེང,rkts
སྟག་གཟིག,སྟགཟིག,rkts
སྟག་མྱོས,སྟགྱོས,rkts
སྟོང་ཆེན,སྟོངེན,rkts
སྟོང་ཉིད,སྟོངིད,rkts
སྟོང་ཉིད,སྟོིངད,rkts
སྡོམ་ཚིག,སྡོ༹ཾགི,rkts
སྣང་སྲིད,སྣངིད,rkts
སྣང་སྲིད,སྣྲིངད,rkts
སྣོག་གཟན,སྣོགཟན,rkts
སྤོས་ཀྱི,སྤོསྱི,rkts
སྤྱན་དམར,སྤྱནར,rkts
སྤྱན་སྔར,སྤྱནྔར,rkts
སྤྱི་དོན,སྤྱིནོ,rkts
སྤྱི་དོན,སྤྱོིན,rkts
སྤྱི་བོར,སྤྱིརོ,rkts
སྤྱི་བོར,སྤྱོིར,rkts
སྤྱི་མཚན,སྤྱི༹ན,rkts
སྤྱུག་གོ,སྤྱུགོ,rkts
སྦལ་ལྕོང,སྦལྕོང,rkts
སྦུབས་སུ,སྦུབསུ,rkts
སྦྱིན་ནོ,སྦྱིནོ,rkts
སྦྱོར་ཉི,སྦྱོརྙི,rkts
སྦྲང་རྩི,སྦྲ༹ངི,rkts
སྦྲང་རྩི,སྦྲིང༹,rkts
སྦྲམ་ཆེན,སྦྲེཾན,rkts
སྦྲུལ་ལོ,སྦྲུལོ,rkts
སྨེ་བདུན,སྨེུན,rkts
སྲམ་མདོག,སྲམདོག,rkts
སྲེག་གནས,སྲེགནས,rkts
སྲེག་ཚེས,སྲཻ༹ས,rkts
སྲེག་ཚེས,སྲཻས,rkts
སྲེག་ཚེས,སྲོེས,rkts
སྲོག་གནས,སྲོགནས,rkts
སྲོག་བཅད,སྲོགྕད,rkts
སློབ་གྲྭ,སློབྲྭ,rkts
ཨབ་བཏབ་པ,ཨབཏབ་པ,rkts
ཨེ་མ་མཚར,ཨེཾར༹,rkts
ཀུན་ཁྱབ,ཀུནྱབ,rkts
ཀུན་གསལ,ཀུནལ,rkts
ཀུན་གྱི,ཀུནི,rkts
ཀུན་ཏུང,ཀུནྟུང,rkts
ཀུན་དགའ,ཀུནའ,rkts
ཀུན་བཟང,ཀུ༹ཾན,rkts
ཀུན་བཟང,ཀུན༹ང,rkts
ཀུན་བཟང,ཀུནང,rkts
ཀུན་བཟང,ཀུནཟང,rkts
ཀུན་བཟང,ངྐུན,rkts
ཀུན་ཤེས,ཀེུས,rkts
ཀུམ་ཀུམ,ཀུཾ་ཀུཾ,rkts
ཀེམ་ཀེམ,ཀཻམ,rkts
ཀེའུ་ཚང,ཀེ༹ང,rkts
ཀོང་ཀོང,ཀཽང,rkts
ཀྱེ་ཀྱེ,ཀྱཻ,rkts
ཁམས་ཀྱི,ཁཾསི,rkts
ཁུར་ཚོས,ཁོུ༹ས,rkts
ཁུར་ཚོས,ཁོུས༹,rkts
ཁུར་ལེན,ཁེུན,rkts
ཁེབས་ཏེ,ཁེབསྟེ,rkts
ཁོར་ཡུག,ཁོརུག,rkts
ཁོལ་ལུད,ཁོལུད,rkts
ཁྱབ་གདལ,ཁྱབདལ,rkts
ཁྱབ་བདག,ཁྱབདག,rkts
ཁྱེད་ཅག,ཁྱེདག,rkts
ཁྱེད་རང,ཁྱེདང,rkts
ཁྱོ་ཤུག,ཁྱུགོ,rkts
ཁྱོད་རང,ཁྱོདང,rkts
ཁྲམ་ཐོག,ཁྲོམག,rkts
ཁྲམ་ཐོག,ཁྲོཾག,rkts
ཁྲི་ཆེན,ཁྲིནེ,rkts
ཁྲོ་ཆེན,ཁྲོནེ,rkts
ཁྲོ་ཆེན,ཁྲོེན,rkts
ཁྲོ་ཉེར,ཁྲོེར,rkts
ཁྲོལ་ལེ,ཁྲོལེ,rkts
གངས་སྦལ,གངསྦལ,rkts
གཅན་གཟན,གཅནྯ,rkts
གཅན་གཟན,གཅྯན,rkts
གཅིག་གི,གཅིགི,rkts
གཅིག་གི,󲀇,rkts
གཅིག་ཏུ,༡ཏུ,rkts
གཉིས་ཏེ,གཉིསྟེ,rkts
གཉིས་ཏེ,གཉིེསད,rkts
གཉིས་ཏེ,ཉིཏེ,rkts
གཉིས་སུ,༢སུ,rkts
གཉིས་སུ,གཉིསུ,rkts
གཉེན་པོ,གཉེནོ,rkts
གཏི་མུག,གཏིུག,rkts
གཏི་མུག,གཏིུཾག,rkts
གཏུན་བུ,གཏུནུ,rkts
གཏུམ་པོ,གཏུམོ,rkts
གཏུམ་པོ,གཏོུཾ,rkts
གཏུམ་མོ,གཏུམོ,rkts
གཏོར་རོ,གཏོརོ,rkts
གདམས་ངག,གདཾག,tibschol
གདུབ་བུ,གདུབུ,rkts
གདུལ་བྱ,གདུལྱ,rkts
གདོང་ངན,གདོངན,rkts
གདོང་དུ,གདོངུ,rkts
གན་མཛོད,གནོ༹༹ད,rkts
གནད་དོན,གནདོན,rkts
གནམ་མཚོ,གནམཚོ,rkts
གནས་ཆེན,གནསེན,rkts
གཙུག་ལག,གཙུགག,rkts
གཙུག་ལག,གཙླུག,rkts
གཙོ་བོར,གཙཽར,rkts
གཞན་གྱི,གཞནྱི,rkts
གཞན་དོན,གཞོན,tibschol
གཞལ་མེད,གཞལེཾད,rkts
གཞལ་སྒང,གཞལྒང,rkts
གཞི་ཤེས,གཞིེས,tibschol
གཞུ་ཐོག,གཞོུག,rkts
གཞུག་གུ,གཞུགུ,rkts
གཞོན་ནུ,གཞོནུ,rkts
གཞོན་ནུ,གཞྱོནུ,rkts
གཞོན་ནུ,ཞྱོནུ,rkts
གཞོལ་ལོ,གཞོལོ,rkts
གཟབ་གཟབ,གཟཱབ,rkts
གཟིམ་མལ,གཟིམལ,rkts
གཟུ་ཤིང,གཟིུང,rkts
གཟུགས་མ,གཟུཊཾ,rkts
གཡུ་མཚོ,གཡཽུུ༹,rkts
གཡུལ་ལས,གཡུལས,rkts
གཡོན་དུ,གཡོནུ,rkts
གཡོན་དུ,ཡྱོནུ,rkts
གཤམ་གསལ,གཤཾལ,rkts
གཤིན་པོ,གཤིནོ,rkts
གཤིབ་བྱ,གཤིབྱ,rkts
གཤེ་གཤེ,གཤཻ,rkts
གསུང་རབ,གསུབ,rkts
གསུམ་དུ,༣དུ,rkts
གསུམ་དུ,གསུཾ་དུ,rkts
གསུམ་པར,གསུཾར,rkts
གསུམ་ཚན,གསུ༹ཾན,rkts
གསེར་ཅན,གསེརན,rkts
གསོན་པོ,གསོནོ,rkts
གིང་ཆེན,གངིེན,rkts
གིང་ཆེན,གིངེན,rkts
གུར་གུམ,གུརམ,rkts
གུར་གུམ,གུརཾ,rkts
གུར་ཐོག,གུགོ,rkts
གུར་ཐོག,གོུག,rkts
གུལ་གུལ,གུུལ,rkts
གོས་སེར,གོསེར,rkts
གོས་སྒབ,གོསྒབ,rkts
གྱོན་ནས,གྱོནས,rkts
གྲང་མེད,གྲངེད,rkts
གྲངས་ཅན,གྲངན,rkts
གྲི་གུག,གྲིུག,rkts
གྲི་གུམ,གྲིུམ,rkts
གྲུ་བཞི,གྲིུ,rkts
གྲུ་ཟིན,གྲིུན,rkts
གྲུ་ཡོན,གྲོུན,rkts
གྲུབ་ཉི,གྲུབྙི,rkts
གྲོག་པོ,གྲོགོ,rkts
གྲོག་མོ,གྲོགོཾ,rkts
གྲོང་བར,གྲོལར,rkts
གླང་ཆེན,གླངེན,rkts
གླུ་གཞས,གླུཞས,rkts
གླེབ་བྱ,གླེབྱ,rkts
གློ་གསང,གློསང,rkts
གློ་བུར,གློུར,rkts
ངན་འགྲོ,ངནྲོ,rkts
ངུར་རིལ,ངུརིལ,rkts
ངེས་ངེས,ངཻས,rkts
ངེས་ཤེས,ངེསེ,rkts
ངེས་ཤེས,ངཻས,rkts
ཅོལ་ལེབ,ཅོལེབ,rkts
ཆག་གྲུམ,ཆགྲུམ,rkts
ཆགས་སྡང,ཆགསྡང,rkts
ཆིལ་ཆིལ,ཆཱིལ,rkts
ཆུ་ཆེ་བ,ཆེུ་བ,rkts
ཆུ་འཛིན,ཚིུན,rkts
ཆུ་སྐོར,ཆོུར,rkts
ཆུ་སྟོད,ཆོུད,rkts
ཆུ་སྣོད,ཆོུད,rkts
ཆུ་སྲིན,ཆིུན,rkts
ཆུ་སྲིན,ཆྲིན,rkts
ཆུ་སྲིན,ཆྲིུན,rkts
ཆུང་ཆུང,ཆུུང,rkts
ཆུང་བའི,ཆུངི,rkts
ཆེ་མཆོག,ཆེགོ,rkts
ཆེ་མཆོག,ཆྱེོག,rkts
ཆེ་མཆོག,ཆྱོེ,rkts
ཆེན་པོར,ཆེནོར,rkts
ཆེམ་ཆེམ,ཆཻམ,rkts
ཆེས་ཆེར,ཆཻར,rkts
ཆོས་ཀྱི,ཆོསྱི,rkts
ཆོས་ཉིད,ཆོསིད,rkts
ཆོས་མཛད,ཆོས༹ད,rkts
ཆོས་སྐད,ཆོསྐད,rkts
ཆོས་སྐུ,ཆོསྐུ,rkts
ཆོས་སྡེ,ཆོསྡེ,rkts
ཆོས་སྨན,ཆོསྨན,rkts
ཇི་བཞིན,ཇིནི,rkts
ཇི་སྲིད,ཇིདི,rkts
ཇི་སྲིད,ཇིིད,rkts
ཇོ་བོའི,ཇཽའི,rkts
ཉག་གཅིག,ཉགཅིག,rkts
ཉམས་ལེན,ཉཾསེན,rkts
ཉམས་སྣང,ཉཾསྣང,rkts
ཉི་དྲོས,ཉིོས,rkts
ཉི་དྲོས,ཉྲིསོ,rkts
ཉི་མྱུར,ཉིར,rkts
ཉི་མྱུར,ཉིུར,rkts
ཉིན་གུང,ཉིུང,rkts
ཉིན་མཚན,ཉི༹ན,rkts
ཉིན་མཚན,ཉིན༹,rkts
ཉོན་ཅིག,ཉོན་༡,rkts
ཏིང་ཤགས,ཏིངགས,rkts
ཏྲེས་སམ,ཏྲེསམ,rkts
ཐབས་ཀྱི,ཐབསྱི,rkts
ཐབས་མཁས,ཐབཾས,rkts
ཐབས་ཤེས,ཐབེས,rkts
ཐུགས་ཀར,ཐྱར,rkts
ཐུགས་ཁར,ཐྱར,rkts
ཐུགས་དམ,ཐུཊཾ,rkts
ཐུགས་དམ,ཐྱདཾ,rkts
ཐུང་ཐུང,ཐཱུང,rkts
ཐུན་བཞི,ཐུནི,rkts
ཐུན་བཞི,ཐིུན,rkts
ཐུན་མིན,ཐིུན,rkts
ཐུན་མོང,ཐུནོང,rkts
ཐུན་མོང,ཐུནོཾང,rkts
ཐུན་མོང,ཐོུང,rkts
ཐུན་མོང,ཐོུཾང,tibschol
ཐུབ་ཆེན,ཐུབེན,rkts
ཐུབ་ཆེན,ཐེུན,rkts
ཐུབ་དབང,ཐུབང,rkts
ཐུབ་ཚོད,ཐུབོ༹ད,rkts
ཐེག་ཆེན,ཐེགེན,rkts
ཐེག་ཆེན,ཐཻགན,rkts
ཐེག་དམན,ཐེགན,rkts
ཐེར་ཐེར,ཐཻར,rkts
ཐོ་རེངས,ཐྲོེངས,rkts
ཐོག་མེད,ཐོགེཾད,rkts
ཐོག་མེད,ཐོཨེགད,rkts
ཐོད་ཁྲག,ཐོདག,rkts
ཐོད་ཁྲག,ཐྲོག,rkts
ཐོད་ཁྲག,ཐྲོདག,rkts
ཐོར་ཅོག,ཐོརོག,rkts
དཀའ་ཐུབ,དཀུབ,rkts
དཀའ་བའི,དཀའི,rkts
དཀར་ཡོལ,དཀརོལ,rkts
དཀར་ཡོལ,དཀོལ,rkts
དཀར་རྩི,དཀརྩི,rkts
དཀོན་ནོ,དཀོནོ,rkts
དཀོན་པོ,དཀཽན,rkts
དཀོན་མོ,དཀཽན,rkts
དགག་གཞག,དགགཞག,rkts
དགའ་དགའ,དགཱའ,rkts
དགུམ་མོ,དགུམོ,rkts
དགེ་བའི,དགེ་བཱི,rkts
དགེ་མཚན,དགེ༹ན,rkts
དགེ་ཚུལ,དགེུ༹ལ,rkts
དགྲ་ཁྲག,དགྲག,rkts
དངོས་པོ,དངོསོ,rkts
དངོས་པོ,དངཽས,rkts
དངོས་བོ,དངཽས,rkts
དཔག་མེད,དཔགེད,rkts
དཔག་མེད,དཔགེཾད,rkts
དཔའ་ཆེན,དཔའེན,rkts
དཔལ་གྱི,དཔལྱི,rkts
དཔལ་ཆེན,དཔལེན,rkts
དཔལ་ཆེན,དཔལྱེན,rkts
དཔལ་འབར,དཔལར,rkts
དཔལ་ཡོན,དཔལོན,rkts
དཔལ་ལྡན,དཔལྡན,rkts
དཔེ་བྱད,དཔྱེད,rkts
དཔོན་པོ,དཔོཾན,rkts
དཔོན་པོ,དཔཽན,rkts
དཔོན་མོ,དཔོཾན,rkts
དབང་ཆེན,དབངེན,rkts
དབང་དྲག,དབྲངག,rkts
དབང་དྲག,དབྲཾག,rkts
དབུ་ཐོད,དབོུད,rkts
དབུ་མ་བ,དབུཾ་བ,rkts
དབུ་མཛད,དབུ༹ད,rkts
དབུ་མེད,དབེུད,rkts
དབུ་མེད,དབེུཾད,rkts
དབུལ་པོ,དབུལོ,rkts
དབུས་སུ,དབུསུ,rkts
དབྱར་རྔ,དབྱརྔ,rkts
དབྲབ་བྱ,དབྲབྱ,rkts
དམར་དམར,དམཱར,rkts
དར་རྒྱས,དར་ངྱས,rkts
དལ་རྟེན,དལེན,rkts
དུང་དུང,དཱུང,rkts
དུས་ཀྱི,དུསྱི,rkts
དུས་ཆོད,དོུད,rkts
དུས་ཆོད,དོུསད,rkts
དུས་མཐའ,དུཾའ,rkts
དུས་ཚོད,དུསོ༹ད,rkts
དེ་བཞིན,དེནི,tibschol
དེབ་ཐེར,དཻར,rkts
དོ་དགོང,དོགོང,rkts
དོག་དོག,དཽག,rkts
དོན་ཀུན,དོུན,rkts
དོན་ཡོད,དོནོད,rkts
དོན་ཡོད,དཽནད,rkts
དྲག་རྩལ,དྲག༹ལ,rkts
དྲག་ཤུལ,དྲགུལ,rkts
དྲག་ཤོས,དྲགོས,rkts
དྲང་ངེས,དྲངེས,rkts
དྲན་ཉེར,དྲནེར,rkts
དྲལ་ལྕམ,དྲལྕམ,rkts
དྲི་མེད,དྲིདེ,rkts
དྲི་མེད,དྲིདེཾ,rkts
དྲི་མེད,དྲིེད,rkts
དྲིན་ཅན,དྲིནན,rkts
དྲིལ་བུ,དྲིལུ,rkts
དྲུང་དུ,དྲུངུ,rkts
དྲུང་དུ,དྲུངྡུ,rkts
ནམ་མཁའི,ནཾཁའི,rkts
ནམ་མཐོང,ནམཐོང,rkts
ནུབ་བྱང,ནུབྱང,rkts
ནུར་ནུར,ནཱུར,rkts
ནོམ་ཉུག,ནོམྱག,rkts
ནོར་རྫས,ནོརྫས,rkts
ཕ་དང་བུ,ཕ་སྤད,rkts
ཕན་གནོད,ཕནོད,rkts
ཕན་ཐོགས,ཕནོཊ,rkts
ཕུགས་སུ,ཕུགསུ,rkts
ཕུམ་ཕུམ,ཕཱུམ,rkts
ཕོ་ཕྱུག,ཕྱོུག,rkts
ཕྱག་གཡས,ཕྱགཡས,rkts
ཕྱག་མདའ,ཕྱཾའ,rkts
ཕྱག་མཚན,ཕྱག༹ན,rkts
ཕྱག་འཚལ,ཕྱ༹ལ,rkts
ཕྱག་འཚལ,ཕྱག༹ལ,rkts
ཕྱག་རྒྱ,ཕྱགྱ,rkts
ཕྱག་རྒྱ,ཕྱརྒྱ,rkts
ཕྱི་ཕྱག,ཕྱིག,rkts
ཕྱི་རོལ,ཕྱིལོ,rkts
ཕྱི་རོལ,ཕྱིལྲོ,rkts
ཕྱི་རོལ,ཕྱྲོིལ,rkts
ཕྱིན་ཆད,ཕྱིནད,rkts
ཕྱིན་ནས,ཕྱིནས,rkts
ཕྱིར་རོ,ཕྱིརོ,rkts
ཕྱིས་སུ,ཕྱིསུ,rkts
ཕྱེ་ཕུར,ཕྱེུར,rkts
ཕྲག་གདང,ཕྲགདང,rkts
ཕྲག་གོང,ཕྲགོང,rkts
ཕྲག་དོག,ཕྲདོག,rkts
ཕྲག་དོག,ཕྲོག,rkts
ཕྲིན་ལས,ཕྲིས,rkts
བཀའ་གཅལ,བཀ༹ལ,rkts
བཀས་བཅད,བཀསད,rkts
བཀྲ་ཤིས,བཀྲས,rkts
བཀྲ་ཤིས,བཀྲིས,rkts
བག་མཚེར,བགེ༹ར,rkts
བང་མཛོད,བང༹དོ,rkts
བང་རྟེན,བངེན,rkts
བཅས་ཀྱི,བཅསྱི,rkts
བཅིབ་བྱ,བཅིབྱ,rkts
བཅུ་བཞི,བཅིུ,rkts
བཅོལ་ལོ,བཅོལོ,rkts
བདག་གཞན,བདགཞན,rkts
བདག་གིས,བདགིས,rkts
བདག་ཉིད,བདགིད,rkts
བདག་ཉིད,བདིད,rkts
བདག་མེད,བདགེད,rkts
བདག་མེད,བདགེཾད,rkts
བདུད་ཉི,བདུདི,rkts
བདུད་ཉི,བདུདྙི,rkts
བདུད་མོ,བདོུཾད,rkts
བདུན་ཏེ,བདེུན,rkts
བདུན་ནས,བདུནས,rkts
བདེ་ཆེན,བདེནེ,rkts
བདེ་ཆེན,བདཻན,rkts
བདེ་དགའ,བདེགའ,rkts
བདེ་དོན,བདེོན,rkts
བདེན་པར,བདེནར,rkts
བཙན་ཉིར,བཙནྙིར,rkts
བཙུན་མོ,བཙུནོཾ,rkts
བཙོན་ཁང,བཙོནང,rkts
བཙོན་དུ,བཙོནུ,rkts
བཞད་དཀར,བཞདཀར,rkts
བཞད་བཞད,བཞཱད,rkts
བཞིན་དུ,༤ནུ,rkts
བཞིན་དུ,བཞིནུ,rkts
བཞིན་ནག,༤ནག,rkts
བཞེས་སོ,བཞེསོ,rkts
བཟའ་འཚོ,བཟའཚོ,rkts
བཟེ་ཆུང,བཟེུང,rkts
བར་མཚམས,བརཁ༹སཾ,rkts
བརྒལ་ལན,བརྒལན,rkts
བརྔན་བྱ,བརྔནྱ,rkts
བརླབ་བྱ,བརླབྱ,rkts
བལྟས་ཏེ,བལྟསྟེ,rkts
བལྡབ་བྱ,བལྡབྱ,rkts
བཤུལ་ལམ,བཤུལཾ,rkts
བཤོས་བུ,བཤོསུ,rkts
བསམ་གཏན,བསཾན,rkts
བསམ་གཏན,བསྟཾན,rkts
བསམ་མནོ,བསམནོ,rkts
བསམ་ཤེས,བསེཾས,rkts
བསིལ་བུ,བསིལུ,rkts
བསྐང་ངོ,བསྐངོ,rkts
བསྒབ་བྱ,བསྒབྱ,rkts
བསྔལ་ལོ,བསྔལོ,rkts
བསྙབ་བྱ,བསྙབྱ,rkts
བསླབ་བྱ,བསླབྱ,rkts
བུད་མེད,བུདེཾ,rkts
བུད་མེད,བེུད,rkts
བུད་ཤིང,བིུང,rkts
བུམ་མཁན,བུཾན,rkts
བུམ་མགོ,བུམགོ,rkts
བོད་ཀྱི,བོདྱི,rkts
བོན་ཉིད,བོནིད,rkts
བྱ་ཁྱུང,བྱུཾ,rkts
བྱ་བལ་མ,བྱལ་མ,rkts
བྱ་ཚོགས,བྱོ༹གས,rkts
བྱང་ཆུབ,བྱངུབ,rkts
བྱང་ཆུབ,བྱུངབ,rkts
བྱང་ཆུབ,བྱུབ,rkts
བྱང་ཆུབ,བྱུཾང,rkts
བྱང་ཆུབ,བྱུཾབ,rkts
བྱིན་ནོ,བྱིནོ,rkts
བྱེ་བྲག,བྱེག,rkts
བྱེ་བྲག,བྱྲེག,rkts
བྱེ་བྲག,བྲེག,rkts
བྱེ་བྲག,བྲྱེ,tibschol
བྱེད་པར,བྱེདར,rkts
བྲག་གཡང,བྲགཡང,rkts
བླ་མཆོད,བློཾད,rkts
བླུན་པོ,བླུནོ,rkts
བླུན་པོ,བློུན,rkts
བློ་དམན,བློན,rkts
བློ་བཟང,བློང,rkts
བློ་བཟང,བློཟང,rkts
བློ་བཟོ,བློབཟོ,rkts
བློ་བུག,བློུག,rkts
བློ་བུར,བློུར,rkts
བློ་རྩལ,བློ༹ལ,rkts
བློན་པོ,བླཽན,rkts
མ་དང་བུ,མ་སྨད,rkts
མཁའ་ནོར,མཁོར,rkts
མཁར་རྗེ,མཁརྗེ,rkts
མཁྱེན་པ,མྱེན་པ,rkts
མགོ་གཏད,མགོཏད,rkts
མགོན་པོ,མགོནོ,rkts
མགོན་པོ,མགཽན,rkts
མགོན་པོ,མྱཽན,rkts
མགྲིན་པ,མྲིན་པ,rkts
མངའ་འོག,མངའོག,rkts
མངོན་པར,མངོནར,rkts
མངོན་པར,མངོར,rkts
མཆན་ཁུང,མཆུང,rkts
མཆིན་ནད,མཆིནད,rkts
མཆིས་ཏེ,མཆིསྟེ,rkts
མཆོག་གི,མཆོགི,rkts
མཆོད་དོ,མཆོདོ,rkts
མཆོད་པར,མཆོདར,rkts
མཉན་ཡོད,མཉདོ,rkts
མཉན་ཡོད,མཉོད,rkts
མཉམ་ཉིད,མཉམིད,rkts
མཉམ་ཉིད,མཉིཾད,rkts
མཉམ་ཉིད,མཉཾདི,rkts
མཉམ་པོར,མཉཾརོ,rkts
མཉམ་བཞག,མཉམག,rkts
མཉམ་བཞག,མཉཾག,rkts
མཉམ་མེད,མཉཾདེ,rkts
མཐ་འཁོབ,མཐོབ,rkts
མཐའ་བྲལ,མཐྲལ,rkts
མཐའ་མེད,མཐེདཾ,rkts
མཐར་ཐུག,མཐརུག,rkts
མཐར་ཐུག,མཐུརག,rkts
མཐར་ཐུག,མཐྲུག,tibschol
མཐིང་ནག,མཐིངག,rkts
མཐུ་ཆེན,མཐེུན,rkts
མཐུ་ཐོབ,མཐོུབ,rkts
མཐུ་རྩལ,མཐུ༹ལ,rkts
མཐུ་རྫས,མཐུ༹ས,rkts
མཐེ་བོང,མཐེོང,rkts
མཐེ་བོང,མཐོེང,rkts
མཐོ་རིས,མཐོི,rkts
མཐོ་རིས,མཐོིས,rkts
མཐོ་རིས,མཐྲོིས,rkts
མཐོང་ལམ,མཐོངཾ,rkts
མཐོན་པོ,མཐོནོ,rkts
མདོ་ཆེན,མདོེན,rkts
མདོ་དོན,མདཽན,rkts
མདོག་གི,མདོགི,rkts
མཚན་ཉིད,མི༹ད,rkts
མཚན་ཉིད,མཚདི,tibschol
མཚན་ཉིད,མཚིད,rkts
མཚན་ཉིད,མཚྱིད,tibschol
མཚན་ཉིད,ཚིད,tibschol
མཚན་ཉིད,ཚྱིད,tibschol
མཚན་མཁན,མཚཾན,rkts
མཚན་ལྡན,མཚྡན,rkts
མཚན་ལྡན,མཚླན,rkts
མཚམས་ཆད,མཚཾད,rkts
མཚམས་སུ,མ༹ཾསུ,rkts
མཚམས་སུ,མཚཾསུུ,rkts
མཚོ་གླང,མཚློང,rkts
མཛད་པའི,མ༹དའི,rkts
མཛད་བྱང,མྱ༹ང,rkts
མི་མཆོག,མིཆོག,rkts
མི་མཇེད,མིཇེད,rkts
མི་མཐུན,མིཐུན,rkts
མི་མཐུན,མིུན,rkts
མིག་དམར,དམིར,rkts
མིག་དམར,མིར,rkts
མིང་བྱང,མྱིང,rkts
མུ་ཁྱུད,མྱུད,rkts
མེ་གསུམ,མེསུཾ,rkts
མེ་མཚམས,མེཚམས,rkts
མེར་མེར,མཻར,rkts
མོན་གྲུ,མོནྲུ,rkts
མོན་གྲེ,མོནྲེ,rkts
མོན་དྲེ,མོནྲེ,rkts
མོན་སྲན,མྲོན,rkts
མོས་གུས,མོུས,rkts
མྱོང་བར,མྱོངར,rkts
ཚངས་སྲས,ཚངསྲས,rkts
ཚད་དགུང,ཚདགུང,rkts
ཚིག་གིས,ཚིགིས,rkts
ཚུལ་ལྡན,ཚུལྡན,rkts
ཚེ་བསོད,ཚེསོད,rkts
ཚེ་སྲོག,ཚྲེགོ,rkts
ཚེ་སྲོག,ཚྲོེག,rkts
ཚེས་ཀྱི,ཚེསྱི,rkts
ཚེས་པའི,ཚེསའི,rkts
ཚོན་རྩི,ཚོནི༹,rkts
ཞག་གསུམ,ཞགསུཾ,rkts
ཞབས་ཀྱི,ཞབསྱི,rkts
ཞབས་ཀྱུ,ཞྱུ,rkts
ཞལ་གདམས,ཞལ་གདཾས,rkts
ཞིང་ཁམས,ཞིངམས,rkts
ཞིང་ཁམས,ཞིངསཾ,rkts
ཞིང་ཁམས,ཞིསཾ,rkts
ཞིང་ཆེན,ཞིངེན,rkts
ཞིང་ཆེན,ཞིེངན,rkts
ཞུ་གསོལ,ཞོུལ,rkts
ཞུ་མཆིད,ཞིུད,rkts
ཞུགས་སླ,ཞུགསླ,rkts
ཞུབ་ཆེན,ཞུབེན,rkts
ཞུམ་མེད,ཞུམེད,rkts
ཞུམ་མེད,ཞེུཾད,rkts
ཞུམ་ཞུམ,ཞཱུམ,rkts
ཞེ་གསུམ,ཞེསུཾ,rkts
ཞེན་ཆགས,ཞེནཊ,rkts
ཟས་བསོད,ཟསོད,rkts
ཟིང་ཟིང,ཟཱིང,rkts
ཟིན་ཕུང,ཟིུང,rkts
ཟིམ་ཟིམ,ཟཱིམ,rkts
ཟུང་ཚུད,ཟུངུ༹ད,rkts
ཟླ་འཛིན,ཟླི༹ན,rkts
ཟླུམ་པོ,ཟློུཾ,rkts
འཁོབ་བལ,འཁོབལ,rkts
འཁོར་ལོ,འཁོརོ,rkts
འཁོར་ལོ,འཁཽར,rkts
འཁོར་ལོ,འོར,rkts
འཁོར་ལོ,འོརོ,rkts
འགག་མེད,འགགེཾད,rkts
འགག་མེད,འགེམྡ,rkts
འགག་མེད,འགེཾད,rkts
འགའ་ཞིག,འགིག,rkts
འགོང་པོ,འགོང,rkts
འགོང་པོ,འགོངོ,rkts
འཆགས་སོ,འཆགསོ,rkts
འཆགས་སོ,འཆཊོ,rkts
འཆི་བདག,འཆིག,rkts
འཆི་བདག,འཆྡིག,rkts
འཆི་མེད,འཆིདེ,rkts
འཆི་མེད,འཆིེད,rkts
འཇམ་དཔལ,འཇཾལ,rkts
འཇམ་ལྗང,འཇཾང,rkts
འཇའ་ཆོན,འôན,rkts
འཇའ་ཆོན,འཇོན,rkts
འཇའ་ཚོན,འཇོ༹ན,rkts
འཇའ་འོད,འཇའོད,rkts
འཇའ་འོད,འཇོའད,rkts
འཇིག་ཉི,འཇིགྙི,rkts
འཇོལ་མོ,འཇོལོ,rkts
འཐབ་བྲལ,འཐབྲལ,rkts
འཐས་འཐས,འཐཱས,rkts
འདབ་བཟང,འདབཟང,rkts
འདབས་སུ,འདབསུ,rkts
འདམ་རྫབ,འད༹ཾབ,rkts
འདུ་འཛི,འདིུ༹,rkts
འདུ་ཤེས,འདེུས,rkts
འདུས་སོ,འདུསོ,rkts
འདྲ་དཔེ,འདྲཔེ,rkts
འཕགས་སོ,འཕགསོ,rkts
འཕེལ་ཉི,འཕེལྙི,rkts
འཕྲ་ཆེན,འཕྲེན,rkts
འབད་མེད,འབེཾད,rkts
འབའ་ཞིག,འབགི,rkts
འབའ་ཞིག,འབིག,tibschol
འབྱམས་པ,འབྱཾས་པ,rkts
འབྲས་བུ,འབྲུས,rkts
འཚམས་སུ,འ༹ཾསུ,rkts
འཚོ་ཚིས,འཚོསི༹,rkts
འཚོ་ཚིས,འཚོིས,rkts
འཛུམ་བག,འཛུཾག,rkts
འུར་འུར,འཱུར,rkts
འུར་རྡོ,འུརྡོ,rkts
འོ་འཐུང,འོཐུང,rkts
འོ་འཛིན,འོཛིན,rkts
འོག་གཞི,འོགཞི,rkts
འོག་མིན,འོགིན,rkts
འོག་མེད,འོགེད,rkts
འོད་གསལ,འོདལ,rkts
འོད་དཀར,འོདཀར,rkts
འོད་དཀར,འོདར,rkts
འོད་དཀར,འོེདར,rkts
འོད་དམར,འོདམར,rkts
འོད་ཟེར,འོདེར,rkts
འོད་ཟེར,འོེད༹ར,rkts
འོད་ཟེར,འོེར,rkts
འོད་ལྡན,འོལྡན,rkts
འོར་རེས,འོརེས,rkts
འོལ་ཚོད,འོལོ༹ད,rkts
ཡང་འབོད,ཡངོད,rkts
ཡས་སྟགས,ཡསྟཊ,rkts
ཡས་སྟབས,ཡསྟགས,rkts
ཡིད་དགའ,ཡིདགའ,rkts
ཡིད་དབང,ཡིདབང,rkts
ཡིད་མུག,ཡིདམུག,rkts
ཡིན་གྱི,ཡིནྱི,rkts
ཡུན་གནས,ཡུནས,rkts
ཡུམ་ཆེན,ཡེུནཾ,rkts
ཡུམ་ཆེན,ཡེུཾན,rkts
ཡོངས་སུ,ཡོངསུ,rkts
ཡོད་དགུ,ཡོདགུ,rkts
ཡོད་པའི,ཡོདའི,rkts
ཡོན་གནས,ཡོནས,rkts
ཡོན་བདག,ཡོནག,rkts
ཡོམ་ཡོམ,ཡཽམ,rkts
རང་གྲོལ,རངོལ,rkts
རང་གྲོལ,རོངལ,rkts
རང་བཞིན,རངིན,rkts
རང་བཞིན,རིངན,rkts
རང་བཞིན,རིན,tibschol
རང་བྱུང,རྦྱུང,rkts
རང་བྱུང,རྱུངཾ,rkts
རངས་པའི,རངསའི,rkts
རབ་བརྟན,རབརྟན,rkts
རབ་བསགས,རབསགས,rkts
རབ་བྱུང,རབྱུང,rkts
རབ་བྱེད,རབྱེད,rkts
རབ་མྱོས,རབྱོས,rkts
རབ་སྟོང,རབོང,rkts
རལ་བ་ཅན,རལན,rkts
རལ་ལྕོག,རལྕོག,rkts
རིག་གནས,རིགནས,rkts
རིག་རིག,རཱིག,rkts
རིག་རྩལ,རིག༹ལ,rkts
རིགས་ཅན,རིཊན,rkts
རིགས་ལྔ,རིགྔ,rkts
རིགས་ལྔ,རིགྔས,rkts
རིང་ཐུང,རིུང,rkts
རིན་ཅེན,རིནེ,rkts
རིན་ཆེན,རིནེ,rkts
རིན་ཆེན,རིེན,tibschol
རིན་ཆེན,རེིན,rkts
རིམས་ཅད,རིཾསད,rkts
རུ་དཔོན,རོུན,rkts
རུ་མཚོན,རོུ༹ན,rkts
རུ་མཚོན,རོུན,rkts
རུས་སྦལ,རུསྦལ,rkts
རེམ་རེམ,རཻམ,rkts
རོ་འཛིན,རོིན,rkts
རོང་ཡུལ,རུངོལ,rkts
རོང་ཡུལ,རོུལ,rkts
རོལ་མཚོ,རོལོ༹,rkts
རྒྱ་གྲམ,རྒྱ་གྲཾ,rkts
རྒྱ་གྲམ,རྒྱྲམ,rkts
རྒྱ་ཆེར,རྒྱེར,rkts
རྒྱ་བོད,རྒྱོད,rkts
རྒྱ་མཚོ,རྒྱོ༹,rkts
རྒྱ་མཚོ,རྒྱོ༹མ,rkts
རྒྱ་མཚོ,རྒྱོ༹ཾ,rkts
རྒྱ་མཚོ,རྒྱམོ,rkts
རྒྱ་མཚོ,རྪོ,rkts
རྒྱ་རྒྱ,རྒྱཱ,rkts
རྒྱལ་པོ,རྒྱལོ,rkts
རྒྱལ་པོ,རྒྱོལ,rkts
རྒྱལ་ཕམ,རྒྱལཾ,rkts
རྒྱལ་བུ,རྒྱལུ,rkts
རྒྱལ་ཚབ,ངྱལ་ཚབ,rkts
རྒྱལ་ཚབ,ངྱལ༹བ,rkts
རྒྱལ་ཚབ,རྒྱལ༹བ,rkts
རྒྱས་པར,རྒྱསར,rkts
རྗེས་སུ,རྗེསུ,rkts
རྟག་གནས,རྟགནས,rkts
རྟགས་སུ,རྟགསུ,rkts
རྟོག་གེ,རྟོགེ,rkts
རྡོ་རྗེ,རྡོེ,rkts
རྣམ་ཤེས,རྣེཾས,rkts
རྣམ་ཤེས,རྣཾསེ,rkts
རྣམ་སྣང,རྣམང,rkts
རྣམ་སྣང,རྣཾང,rkts
རྣམ་སྲས,རྣཾས,rkts
རྣམ་སྲས,རྣྲཾས,rkts
རྣམས་སུ,རྣཾསུ,rkts
རྨུན་པོ,རྨུནོ,rkts
རྩ་བཏོན,རྩོན,rkts
རྩལ་ལྡན,རྩལྡན,rkts
རྩུབ་པོ,རྩུབོ,rkts
རྫས་ཀྱི,རྫསྱི,rkts
ལག་གཉིས,ལགཉིས,rkts
ལག་གདུབ,ལགདུབ,rkts
ལག་གཡོན,ལགཡོན,rkts
ལག་འགྲོ,ལགྲོ,rkts
ལག་འཛིན,ལགི༹ན,rkts
ལམ་མེ་བ,ལམེ་བ,rkts
ལས་གྲུབ,ལསྲུབ,rkts
ལས་འབྲས,ལྲས,rkts
ལུག་ལུག,ལཱུག,rkts
ལེགས་པར,ལེཊར,rkts
ལེགས་སོ,ལེགསོ,rkts
ལེན་ཆགས,ལེནགས,rkts
ལེན་ཆགས,ལེནཊ,rkts
ལེབ་ལེབ,ལེབེབ,rkts
ལོ་ལེགས,ལོེགས,rkts
ལོག་འཚོ,ལོགོ༹,rkts
ལོག་ལོག,ལཽག,rkts
ལོགས་སུ,ལོགསུ,rkts
ལྕམ་དྲལ,ལྕྲཾལ,rkts
ལྕིག་གུ,ལྕིགགུ,rkts
ལྕུག་གུ,ལྕུགུ,rkts
ལྕུམ་རྩ,ལྕུ༹ཾ,rkts
ལྕོག་ཙེ,ལྕོགེ༹,rkts
ལྕོང་མོ,ལྕོངོ,rkts
ལྗང་གསལ,ལྗངལ,rkts
ལྗང་སེར,ལྗེར,rkts
ལྗབ་ལྗབ,ལྗཱབ,rkts
ལྟ་བུའི,ལྟུའི,rkts
ལྟ་འདེར,ལྷྲེ,rkts
ལྟུང་བར,ལྟུར,rkts
ལྷ་དྲུག,ལྷྲུག,rkts
ལྷ་མཚམས,ལྷ༹ཾས,rkts
ལྷ་མཚམས,ལྷཾས,rkts
ལྷ་ཚོགས,ལྷོ༹གས,rkts
ལྷ་ཚོགས,ལྷོ༹ཊ,rkts
ལྷ་ཚོགས,ལྷགོས,rkts
ལྷ་ཚོགས,ལྷོགས,rkts
ལྷ་འདྲེ,ལྷྲེ,rkts
ལྷ་སྲིན,ལྷྲིན,rkts
ལྷ་སྲུང,ལྷྲུང,rkts
ལྷག་གནས,ལྷགནས,rkts
ལྷང་ལྷང,ལྷངང,rkts
ལྷང་ལྷང,ལྷཱང,rkts
ལྷན་ཅིག,ལྷནིག,rkts
ལྷན་ཅིག,ལྷིག,rkts
ལྷན་ཅིག,ལྷིནག,rkts
ལྷུན་པོ,ལྷུནོ,rkts
ལྷོ་ནུབ,ལྷོུབ,rkts
ཤམ་བྷ་ལ,ཤམྦྷ་ལ,rkts
ཤམ་བྷ་ལ,ཤཾ་བྷ་ལ,rkts
ཤིང་ཆེན,ཤིངེན,rkts
ཤིས་མཛད,ཤི༹ས,rkts
ཤེད་བདག,ཤེདག,rkts
སིལ་སིལ,སཱིལ,rkts
སུམ་མདོ,སུམདོ,rkts
སུམ་མདོ,སུཾདོ,rkts
སེམས་ཅན,སེན,rkts
སེམས་ཅན,སེནཾ,rkts
སེམས་ཅན,སེཾན,rkts
སེམས་སུ,སེཾསུ,rkts
སེར་སེར,སཻར,rkts
སོ་སོ་བ,སཽབ,rkts
སོ་སོའི,སཽའི,rkts
སོ་སྲུང,སྲོུང,rkts
སྐད་ཅིག,སྐདིག,rkts
སྐད་ཅིག,སྐིག,rkts
སྐད་ཅིག,སྐིདག,rkts
སྐད་དོད,སྐདོ,rkts
སྐབས་སུ,སྐབསུ,rkts
སྐར་མདའ,སྐཾའ,rkts
སྐལ་བཟང,བསྐང,rkts
སྐལ་བཟང,སྐ༹ང,rkts
སྐལ་བཟང,སྐང,rkts
སྐལ་བཟང,སྐལ༹ང,rkts
སྐལ་བཟང,སྐལང,rkts
སྐལ་ལྡན,སྐལྡན,rkts
སྐུ་སྨད,སྐུད,rkts
སྐྱ་མདའ,སྐྱཾའ,rkts
སྐྱ་སྐྱ,སྐྱྱ,rkts
སྐྱེ་བོ,སྐྱཻ,rkts
སྐྱེད་མ,སྐྱེདཾ,rkts
སྒོར་མོ,སྒོརོཾ,rkts
སྒྱུར་བ,ངྱུར་བ,rkts
སྒྲ་གཅན,སྒྲན,rkts
སྒྲོན་མ,སྒྲོཾན,rkts
སྒྲོལ་མ,སྒྲོཾལ,rkts
སྔོ་སྔོ,སྔཽ,rkts
སྔོན་ཆད,སྔོནད,rkts
སྔོན་དུ,སྔོནུ,rkts
སྔོན་པོ,སྔོནོ,rkts
སྔོན་པོ,སྔཽན,rkts
སྔོན་པོ,སྣཽན,rkts
སྔོན་བུ,སྔོནུ,rkts
སྔོན་ཚེ,སྔོནེ༹,rkts
སྙམ་པའི,སྙཾ་པའི,rkts
སྙིང་ཁར,སྙིངར,rkts
སྙིང་གར,སྙིངར,rkts
སྙིང་པོ,སྙིངོ,rkts
སྙིང་པོ,སྙོིང,rkts
སྙུག་གུ,སྙུགུ,rkts
སྟོང་དུ,སྟོངུ,rkts
སྟོན་ནམ,སྟོནཾ,rkts
སྡུག་གུ,སྡུགུ,rkts
སྡེར་མོ,སྡེརོཾ,rkts
སྡོང་པོ,སྡཽང,rkts
སྣ་ཚོགས,སྣ༹གོས,rkts
སྣ་ཚོགས,སྣོ༹གས,rkts
སྣ་ཚོགས,སྣོ༹ཊ,rkts
སྣ་ཚོགས,སྣོ༹ཌ,tibschol
སྣ་ཚོགས,སྣོག༹ས,rkts
སྣ་ཚོགས,སྣོགས,tibschol
སྣ་ཚོགས,སྣྲོགས,rkts
སྣ་ཚོགས,སྣྲོཊ,rkts
སྣང་གསལ,སྣངལ,rkts
སྣང་ངོར,སྣངོར,rkts
སྣང་མཛད,སྣང༹ད,tibschol
སྤུ་གྲི,སྤྲིུ,rkts
སྤུན་ཟླ,སྤུནླ,rkts
སྤྱང་ཀི,སྤྱངི,rkts
སྤྲང་པོ,སྤྲངོ,rkts
སྤྲིས་མ,སྤྲིསཾ,rkts
སྦོམ་པོ,སྦོམོ,rkts
སྨོན་ལམ,སྨོནཾ,rkts
སྨྲས་སོ,སྨྲསོ,rkts
སྲས་ཀྱི,སྲསྱི,rkts
སྲིང་མོ,སྲིངོ,rkts
སྲིན་པོ,སྲིནོ,rkts
སྲིན་པོ,སྲོིན,rkts
སྲིན་མོ,སྲིནོཾ,rkts
སྲིན་མོ,སྲོིནཾ,rkts
སྲུངས་མ,སྲུངསཾ,rkts
སྲུངས་མ,སྲུངཾས,rkts
སྲུབས་མ,སྲུབསཾ,rkts
སྲོག་ཅན,སྲོགན,rkts
སློབ་བུ,སློབུ,rkts
ཧེ་རུ་ཀ,ཧེུ་ཀ,rkts
ཧྲང་ཧྲང,ཧྲངང,rkts
ཧྲིལ་པོ,ཧྲིལོ,rkts
ཨུག་ཆོས,ཨུགོས,rkts
ཨེ་མ་ཧོ,ཨེཾ་ཧོ,rkts
ཨོ་རྒྱན,ཨྱོན,rkts
ཀུ་མུད,ཀུཾད,rkts
ཀུན་ནས,ཀུནས,rkts
ཀུན་ནས,ཀུནྶ,rkts
ཀུན་པོ,ཀུནོ,rkts
ཀླ་ཀློ,ཀློ,rkts
ཀླ་ཀློ,ཀླཽ,rkts
ཁ་དྲངས,ཁྲངས,rkts
ཁམ་ཁུམ,ཁམུ,rkts
ཁམས་ཚན,ཁ༹ཾན,rkts
ཁམས་སུ,ཁམསུ,rkts
ཁམས་སུ,ཁཾསུ,rkts
ཁར་ཁེར,ཁརེ,rkts
ཁེ་ཁོལ,ཁེོལ,rkts
ཁེར་རེ,ཁེརེ,rkts
ཁོལ་པོ,ཁོལོ,rkts
ཁོལ་བུ,ཁོལུ,rkts
ཁོལ་མོ,ཁོལོཾ,rkts
ཁྱད་པར,ཁྱདར,rkts
ཁྱད་པར,ཁྱར,tibschol
ཁྱབ་པར,ཁྱབར,rkts
ཁྲོ་བོ,ཁྲཽ,rkts
ཁྲོ་མོ,མྲཽ,rkts
གཅུ་གལ,གཅུལ,rkts
གཏད་སོ,གཏདོ,rkts
གཏོར་མ,གཏོརཾ,rkts
གཏོར་མ,ཏྱོར་མ,rkts
གཏོར་མ,ཏྱོཾར,rkts
གདབ་བུ,གདབུ,rkts
གདབ་བྱ,གདབྱ,rkts
གདམ་ངག,གདམག,rkts
གདམ་ངག,གདཾག,rkts
གན་རྒྱ,གནྱ,rkts
གནས་ཅན,གནསན,rkts
གནས་སུ,གནསུ,rkts
གནས་སུ,ནྱསུ,rkts
གཙོ་བོ,གཙཽ,rkts
གཞན་དུ,གཞནུ,rkts
གཞན་ཡང,གཞནང,rkts
གཞལ་ཡས,གཞཾས,rkts
གཞལ་ཡས,གཞྱས,rkts
གཞལ་ཡས,ཞྱས,rkts
གཞལ་ཡས,ཞྱསཾ,rkts
གཟབ་བྱ,གཟབྱ,rkts
གཟི་ཅན,གཟིན,rkts
གཟུ་བོ,གཟོུ,rkts
གཟེར་མ,གཟེརཾ,rkts
གཡབ་མོ,གཡབོ,rkts
གཡས་སུ,གཡསུ,rkts
གཡེར་མ,གཡེརཾ,rkts
གསན་ནས,གསནས,rkts
གསོ་བུ,གསོུ,rkts
གིང་ཕོ,གིངོ,rkts
གིང་མོ,གིངོ,rkts
གུ་གུལ,གུལུ,rkts
གུ་གུལ,གུུö,rkts
གུག་གེ,གུགེ,rkts
གུད་དུ,གུདུ,rkts
གུར་བུ,གུརུ,rkts
གོ་གནས,གོནས,rkts
གོམས་པ,གོསཾ་པ,rkts
གོམས་པ,གོཾས་པ,rkts
གོར་བུ,གོརུ,rkts
གོས་སུ,གོསུ,rkts
གྲག་གོ,གྲགོ,rkts
གྲང་ངར,གྲངར,rkts
གླ་རྩི,གགླི༹,rkts
གླང་པོ,གླངོ,rkts
གླུ་གར,གླུར,rkts
ངག་དབང,ངགང,rkts
ངང་ངུར,ངངུར,rkts
ངང་རིང,ངངི,rkts
ངན་ཀྱང,ངནྱང,rkts
ངན་ངོན,ངནོ,rkts
ངོ་མཚར,ངོ༹ར,rkts
ངོ་མཚར,ངོ༹ཾར,rkts
ངོས་སུ,ངོསུ,rkts
ཅང་ཅོང,ཅངོ,rkts
ཅན་གྱི,ཅནྱི,rkts
ཅལ་ཅོལ,ཅལོ,rkts
ཅི་ཅོག,ཅིོག,rkts
ཅི་ལྟར,ཅིརྟ,rkts
ཅི་ལྟར,ཅྟིར,rkts
ཅིག་གི,ཅིགི,rkts
ཅུང་ཟད,ཅུང༹ད,rkts
ཅུང་ཟད,ཅུངད,rkts
ཅེས་སོ,ཅེསོ,rkts
ཅོལ་ལོ,ཅོལོ,rkts
ཆ་ལུགས,ཆལུཊ,rkts
ཆ་ལུགས,ཆླུགས,rkts
ཆ་ལུགས,ཆླུཊ,rkts
ཆང་ཆུང,ཆངུ,rkts
ཆད་དོན,ཆདོན,rkts
ཆབ་བཟང,ཆབཟང,rkts
ཆལ་ཆིལ,ཆལི,rkts
ཆུ་ཆེན,ཆེུན,rkts
ཆུ་ཚོད,ཆོུ༹ད,rkts
ཆུ་ཤེལ,ཆེུལ,rkts
ཆུ་སྨད,ཆུད,rkts
ཆུ་སྨད,ཆུཾད,rkts
ཆུང་ངུ,ཆུངུ,rkts
ཆུབ་ཉི,ཆུབཉི,rkts
ཆུབ་ཉི,ཆུབི,rkts
ཆུབ་ཉི,ཆུབྙི,rkts
ཆེ་ཆུང,ཆེུང,rkts
ཆེ་ཆེས,ཆེསེ,rkts
ཆེ་ཤོས,ཆེོས,rkts
ཆེད་དུ,ཆེདུ,rkts
ཆེན་པོ,ཆེནོ,rkts
ཆེན་པོ,ཆེོ,rkts
ཆེན་པོ,ཆོེན,rkts
ཆེན་མོ,ཆེནོཾ,rkts
ཆོ་ཆེན,ཆོེན,rkts
ཆོད་པར,ཆོདར,rkts
ཆོས་ཅན,ཆོན,tibschol
ཆོས་ཚན,ཆོས༹ན,rkts
ཇི་ལྟར,ཇིར,rkts
ཇི་ལྟར,ཇྟིར,rkts
ཉག་ཉོག,ཉགོ,rkts
ཉང་ཉུང,ཉངུ,rkts
ཉན་ཐོས,ཉནོས,rkts
ཉན་ཐོས,ཉོས,tibschol
ཉན་ཐོས,ཐནོས,rkts
ཉབ་ཉོབ,ཉབོ,rkts
ཉམས་སུ,ཉམསུ,rkts
ཉམས་སུ,ཉཾསུ,rkts
ཉམས་སོ,ཉཾསོ,rkts
ཉལ་ཉིལ,ཉལི,rkts
ཉལ་ལྡན,ཉལྡན,rkts
ཉི་ནུབ,ཉིུབ,rkts
ཉི་ཞུར,ཉིུར,rkts
ཉིད་དང,ཉིདང,rkts
ཉིད་དུ,ཉིདུ,rkts
ཉིན་ནག,ཉིནག,rkts
ཉིན་ཚད,ཉིན༹ད,rkts
ཉུང་ངུ,ཉུངུ,rkts
ཉུལ་ལེ,ཉུལེ,rkts
ཉེ་ཉོན,ཉེོན,rkts
ཉེར་ལྔ,ཉྲེ་ལྔ,rkts
ཏིང་ཤག,ཏིངག,rkts
ཐག་གིས,ཐགིས,rkts
ཐད་དྲང,ཐདྲང,rkts
ཐན་ཐོན,ཐནོ,rkts
ཐབས་སུ,ཐབསུ,rkts
ཐམ་ཐོམ,ཐམོ,rkts
ཐམས་ཅད,ཐསྩཾད,rkts
ཐམས་ཅད,ཐཾད,rkts
ཐར་ཐོར,ཐརོ,rkts
ཐར་པའི,ཐརའི,rkts
ཐལ་ལྕག,ཐལྕག,rkts
ཐིག་ལེ,ཐིགེ,rkts
ཐིག་ལེ,ཐིགླེ,rkts
ཐིག་ལེ,ཧཏིེག,rkts
ཐུབ་བོ,ཐུབོ,rkts
ཐེ་ཚོམ,ཐེོཾ,rkts
ཐེ་ཚོམ,ཐོེ,rkts
ཐེ་ཚོམ,ཐོེཾ,tibschol
ཐེལ་ཚེ,ཐེལེ༹,rkts
ཐོག་གུ,ཐོགུ,rkts
ཐོག་མར,ཐོགཾར,rkts
ཐོབ་པར,ཐོབར,rkts
ཐོབ་བྱ,ཐོབྱ,rkts
ཐོམ་བུ,ཐོམུ,rkts
དཀར་པོ,དཀརོ,rkts
དཀར་པོ,དཀོར,rkts
དཀར་མེ,དཀརེ,rkts
དགབ་བྱ,དགབྱ,rkts
དགའ་ཚལ,དག༹ལ,rkts
དགའ་འོ,དགའོ,rkts
དགེ་བར,དགེར,rkts
དགྲ་ཟླ,དགྲླ,rkts
དགྲ་ཟླ,དགླ,rkts
དང་པོར,དངོར,rkts
དཔའ་བོ,དཔའོ,rkts
དཔའ་མོ,དཔའོཾ,rkts
དཔའ་མོ,དཔོཾའ,rkts
དཔལ་ཉི,དཔལྙི,rkts
དཔལ་བེ,དཔལེ,rkts
དཔལ་བེ,དཔལྦེ,rkts
དབང་པོ,དབངོ,rkts
དབང་པོ,དབོང,tibschol
དབང་མོ,དབངོཾ,rkts
དམ་པའི,དཾའི,rkts
དམ་བཅའ,དཾའ,rkts
དམ་ཚིག,ད༹ཾག,rkts
དམ་ཚིག,ད༹ཾགི,rkts
དམ་ཚིག,དམི༹ག,rkts
དམ་ཚིག,དཾགི༹,tibschol
དམ་རྫས,ད༹ཾས,rkts
དམ་རྫས,དམ༹ས,rkts
དམག་གི,དམགི,rkts
དམར་ནག,དམརག,rkts
དམར་པོ,དམརོ,rkts
དམར་པོ,དམོར,rkts
དམར་པོ,དཾརོ,rkts
དར་དིར,དརི,rkts
དུ་ཞིག,དིུག,rkts
དུག་ལྔ,དུགྔ,rkts
དུན་ལས,དུནས,rkts
དུས་སུ,དུསུ,rkts
དེ་དུས,དེུས,rkts
དེ་དོན,དེོན,rkts
དེམ་པེ,དེམེ,rkts
དོང་ཙེ,དོངེ༹,rkts
དོན་ཅན,དོནན,rkts
དོན་དམ,དོནམ,rkts
དོན་དམ,དོཾན,rkts
དོན་དུ,དོནུ,rkts
དོན་ཚན,དོ༹ན,rkts
དོར་རྟ,དོརྟ,rkts
དྲག་པོ,དྲགོ,rkts
དྲག་པོ,དྲོག,rkts
དྲི་ཆབ,དྲིབ,rkts
ནག་ནོག,ནགོ,rkts
ནགས་མེ,ནགསེཾ,rkts
ནགས་སུ,ནགས,rkts
ནངས་པར,ནངར,rkts
ནབས་སོ,ནབསོ,rkts
ནམ་གྲུ,ནམྲུ,rkts
ནམ་གྲུ,ནྲུཾ,rkts
ནམ་མཁའ,ནམཁའ,rkts
ནམ་མཁའ,ནཾཁའ,rkts
ནམ་མཁའ,ནཾའ,rkts
ནམ་ལངས,ནཾ་ལངས,rkts
ནམ་ལངས,ནཾངས,rkts
ནལ་ནོལ,ནལོ,rkts
ནུབ་བྱ,ནུབྱ,rkts
ནོར་བུ,ནོུར,rkts
ནོར་བུ,ནོརུ,rkts
པཎ་ཆེན,པཎེ,rkts
པཎ་ཆེན,པཎེན,rkts
པད་དཀར,པདཀར,rkts
པི་ལིང,པླིང,rkts
པུས་མོ,པུསོ,rkts
ཕང་ཕུང,ཕངུ,rkts
ཕན་ཐོབ,ཕནོབ,rkts
ཕན་ཕུན,ཕནུ,rkts
ཕན་ཚུན,ཕུ༹ན,rkts
ཕན་ཡོན,ཕྱནོ,rkts
ཕར་ཚུར,ཕུ༹ར,rkts
ཕལ་ཆེན,ཕལེན,rkts
ཕལ་ཆེར,ཕལེར,rkts
ཕུང་པར,ཕུངར,rkts
ཕུང་པོ,ཕུངོ,rkts
ཕུང་པོ,ཕོུང,rkts
ཕོ་ཕྱག,ཕྱོག,rkts
ཕོ་བྲང,ཕྲོང,rkts
ཕོ་རོག,ཕཽག,rkts
ཕོ་རོལ,ཕརོལ,rkts
ཕྱག་ཚལ,ཕྱ༹ལ,rkts
ཕྱག་ཚལ,ཕྱག༹ལ,rkts
ཕྱགས་མ,ཕྱཊཾ,rkts
ཕྱི་ནང,ཕྱིང,rkts
ཕྲ་ཚོམ,ཕྲོ༹མ,rkts
བག་ཆགས,བགགས,rkts
བག་ཡངས,བགངས,rkts
བང་ཆེན,བངེན,rkts
བཅབ་བྱ,བཅབྱ,rkts
བཅས་ཏེ,བཅསྟེ,rkts
བཅོ་ལྔ,བཅྔོ,rkts
བདག་གི,བདགི,rkts
བདག་ཅག,བདགག,rkts
བདག་ཅག,བདགྕ,rkts
བདག་མོ,བདགོཾ,rkts
བན་བུན,བནུ,rkts
བཙན་ཉི,བཙནྙི,rkts
བཙན་པོ,བ༹ནོ,rkts
བཙན་པོ,བཙནོ,rkts
བཙོན་མ,བཙོནཾ,rkts
བཟང་ངན,བཟངན,rkts
བཟང་པོ,བཟངོ,rkts
བཟང་མོ,བཟངོཾ,rkts
བཟའ་ཚང,བཟ༹ང,rkts
བཟའ་ཟླ,བཟླའ,rkts
བར་བེར,བརེ,rkts
བར་སྣང,བརང,rkts
བལ་ལྡན,བལྡན,rkts
བཤད་དང,བཤདང,rkts
བཤད་པར,བཤདར,tibschol
བཤའ་ཚེ,བཤའེ༹,rkts
བས་མཐའ,བཾའ,rkts
བསམ་ཡས,བསཾས,rkts
བསམ་ཡས,བསྱཾས,rkts
བུ་མེད,བེུདཾ,rkts
བུ་ལོན,བོུན,rkts
བེ་ཅོན,བེོན,rkts
བོང་བུ,བོུང,rkts
བོད་དུ,བོདུ,rkts
བོན་པོ,བོནོ,rkts
བོན་པོ,བཽན,rkts
བྱ་རོག,བྱརོག,rkts
བྱ་རོག,བྱོག,rkts
བྱ་རོག,བྱྲོག,rkts
བྱང་དུ,བྱངུ,rkts
བྱང་ཤར,བྱངར,rkts
བྱས་ཏེ,བྱསྟེ,rkts
བྱས་སོ,བྱསོ,rkts
བྲན་དུ,བྲནུ,rkts
བྲན་པོ,བྲནོ,rkts
བྲན་མོ,བྲནོཾ,rkts
བྲབ་བྱ,བྲབྱ,rkts
བྲམ་ཟེ,བྲེ༹ཾ,rkts
བྲམ་ཟེ,བྲེམ,rkts
བྲམ་ཟེ,བྲེཾ,rkts
བྲས་བུ,འབྲུས,rkts
བླ་མཚོ,བློ༹ཾ,rkts
བླ་མའམ,བླཾའཾ,rkts
བླ་མའི,བླཾའི,rkts
བླ་མེད,བླེད,rkts
བླ་མེད,བླེདཾ,rkts
བླ་མེད,བླེཾད,rkts
བློ་བག,བློག,rkts
བློ་བབ,བློབབ,rkts
མཁན་པོ,མཁནོ,rkts
མཁན་བུ,མཁནུ,rkts
མཁན་མོ,མཁནོ,rkts
མག་མོག,མགོ,rkts
མགལ་མེ,མགལྨེ,rkts
མགོ་བོ,མགཽ,tibschol
མངལ་དུ,མངལུ,rkts
མཆན་བུ,མཆནུ,rkts
མཆི་གུ,མཆིགུ,rkts
མཉམ་པར,མཉཾར,tibschol
མཐ་བྲལ,མཐྲལ,rkts
མཐའ་ཅན,མཐའན,rkts
མཐའ་དག,མཐག,tibschol
མཐའ་དག,མཐའག,rkts
མཐའ་དག,མཐྡག,rkts
མཐའ་ཡས,མཐའས,rkts
མཐའ་ཡས,མཐས,rkts
མཐའ་ཡས,མཐྱས,rkts
མན་མུན,མནུ,rkts
མནལ་ལམ,མནལཾ,rkts
མཚན་ཚད,མཚན༹ད,rkts
མཛའ་བོ,མཛའོ,rkts
མི་ཁྱབ,མྱིབ,rkts
མི་མཁས,མིཁས,rkts
མི་མགོ,མིགོ,rkts
མི་ལུས,མིསུ,rkts
མི་ལུས,མིསླུས,rkts
མི་ལུས,མིུས,rkts
མི་ལུས,མླིུས,rkts
མིག་གི,མིགི,rkts
མིན་ནམ,མིནཾ,rkts
མིན་ནོ,མིནོ,rkts
མུ་ཏིག,མིུག,rkts
མུ་མེད,མེུད,rkts
མུ་མེན,མེུན,rkts
མུན་ནག,མུནག,rkts
མེ་ཏོག,མེགོ,rkts
མེ་ཏོག,མེཏོག,rkts
མེ་ཏོག,མོེག,rkts
མེ་ཏོག,མྟེོག,rkts
མེ་ཏོག,མྟོེག,rkts
མེ་བཙའ,མེ༹,rkts
མེ་མཁའ,མེཁའ,rkts
མེ་མགལ,མེགལ,rkts
མེ་མདག,མེདག,rkts
མེ་མདའ,མེདའ,rkts
མེ་མུར,མེུར,rkts
མེ་རྫས,མེ༹ས,rkts
མེ་ལོང,མེངོ,rkts
མེ་ལོང,མོེང,rkts
མེ་ལོང,མླེོང,rkts
མེ་ལོང,མློེང,rkts
མེ་ལྟར,མཏེར,rkts
མེ་ལྟར,མྟེར,rkts
མེད་དོ,མེདོ,rkts
མེད་པར,མེདར,rkts
མེལ་ཚེ,མེལེ༹,rkts
མེལ་ཚེ,མེལེ,rkts
མོ་གུས,མོུས,rkts
མོ་མཚན,མོ༹ན,rkts
ཙག་ཙིག,ཙགི,rkts
ཙབ་ཙུབ,ཙབུ,rkts
ཙོག་པུ,ཙོགུ,rkts
ཚང་ཚིང,ཚངི༹,rkts
ཚད་དུས,ཚདུས,rkts
ཚད་མེད,ཚདེཾ,rkts
ཚད་མེད,ཚེད,tibschol
ཚམ་ཚོམ,ཚམོ༹,rkts
ཚིག་གི,ཚིགི,rkts
ཚེ་འདས,ཚེདས,rkts
ཚེ་འདས,ཚྡེས,rkts
ཚེ་རིང,ཚེངི,rkts
ཚེ་ལྡན,ཚེདན,rkts
ཚེ་ལྡན,ཚྡེན,rkts
ཚེམ་བུ,ཚེུཾ,rkts
ཚོན་པོ,ཚོནོ,rkts
ཚོམ་བུ,ཚོུམ,rkts
ཚོམ་བུ,ཚོུཾ,rkts
ཚོས་སླ,ཚོསླ,rkts
ཞང་ཞུང,ཞངུ,rkts
ཞབས་སུ,ཞབསུ,rkts
ཞར་ཞོར,ཞརོ,rkts
ཞལ་གྱི,ཞལྱི,rkts
ཞལ་ལྕེ,ཞལྕེ,rkts
ཞལ་སྔར,ཞལྔར,rkts
ཞི་ཁྲོ,ཞིོ,rkts
ཞི་ཁྲོ,ཞོི,rkts
ཞི་དུལ,ཞིུལ,rkts
ཞི་དྲག,ཞྲིག,rkts
ཞིང་ལས,ཞིངས,rkts
ཞུ་ཆེན,ཞེུན,rkts
ཞུ་མཁན,ཞུཾན,rkts
ཞུ་ཞིང,ཞིུང,rkts
ཞུ་ཡིག,ཞིུག,rkts
ཞུབ་ཅན,ཞུབན,rkts
ཞུས་སོ,ཞུསོ,rkts
ཞེ་དྲག,ཞྲེག,rkts
ཞེ་སྡང,ཞེསྡང,rkts
ཞེ་སྡང,ཞྡེང,rkts
ཞེས་དང,ཞེསྡང,tibschol
ཞེས་སོ,ཞེསོ,rkts
ཟ་བྱེད,ཟྱེད,rkts
ཟག་མེད,ཟགེདཾ,rkts
ཟག་མེད,ཟགེཾད,rkts
ཟབས་སུ,ཟབསུ,rkts
ཟམ་ཟུམ,ཟམུ,rkts
ཟར་ཟུར,ཟརུ,rkts
ཟིན་པར,ཟིནར,rkts
ཟེར་རོ,ཟེརོ,rkts
ཟླ་མཚན,ཟླ༹ན,rkts
ཟླ་ཚེས,ཟླེ༹ས,rkts
ཟླ་ཟེར,ཟླེར,rkts
འཁར་རྔ,འཁརྔ,rkts
འགོ་བོ,འགཽ,rkts
འགྲིམས,འགྲིཾས,rkts
འཆལ་ལོ,འཆལོ,rkts
འཇབ་ཙེ,འཇབེ༹,rkts
འཐད་དམ,འཐདཾ,rkts
འདས་པར,འདསར,rkts
འདི་དག,འདིག,rkts
འབད་པར,འབདར,rkts
འབྲུ་ཚ,འབྲུ༹,rkts
འཚམ་པར,འཚཾར,rkts
འཚམ་ཞུ,འཚུཾ,rkts
འཚར་མོ,འཚརོ,rkts
འཛན་པོ,འ༹ནོ,rkts
འཛམ་བུ,འུ༹ཾ,rkts
འཛིན་པ,འི༹ན་པ,rkts
འཛིན་མ,འི༹ནཾ,rkts
འར་འུར,འརུ,rkts
འལ་འོལ,འལོ,rkts
འོག་གི,འོགི,rkts
འོད་ཅན,འོདན,rkts
འོད་དུ,འོདུ,rkts
འོམ་བུ,འོམུ,rkts
ཡན་ཀོང,ཡནྐོང,rkts
ཡབ་ཡུམ,ཡུབཾ,rkts
ཡབ་ཡུམ,ཡུཾ,rkts
ཡབ་ཡུམ,ཡུཾབ,rkts
ཡབ་ཡོབ,ཡབོ,rkts
ཡབ་སྲས,ཡབྲས,rkts
ཡམ་ཡོམ,ཡམོ,rkts
ཡལ་ཡུལ,ཡལུ,rkts
ཡལ་སོང,ཡལོང,rkts
ཡིན་ནམ,ཡིནམ,rkts
ཡིན་ནམ,ཡིནཾ,rkts
ཡིན་ནོ,ཡིནོ,rkts
ཡིན་པར,ཡིནར,rkts
ཡུག་གི,ཡུགི,rkts
ཡུལ་ཅན,ཡུན,tibschol
ཡུལ་ཅན,ཡུལན,rkts
ཡུལ་ལྔ,ཡུལྔ,rkts
ཡུལ་ལྷ,ཡུལྷ,rkts
ཡེ་ཤེས,ཡཻས,rkts
ཡོ་བྱང,ཡྱོད,rkts
ཡོ་བྱད,ཡྱོད,rkts
ཡོད་དམ,ཡོདཾ,rkts
ཡོད་དོ,ཡོདོ,rkts
ཡོད་པར,ཡོདར,rkts
ཡོན་ཏན,ཡྟོན,rkts
ཡོལ་གོ,ཡོལོ,rkts
རང་གཞན,རངན,rkts
རང་གིས,རངིས,rkts
རང་ཉིད,རངིད,rkts
རང་མཚན,རང༹ན,rkts
རང་མཚན,རཾང༹ན,rkts
རང་རིག,རངིག,rkts
རང་རོང,རངོ,rkts
རབ་ཆེན,རེཾན,rkts
རབ་དགའ,རབའ,rkts
རབ་མེད,རབེདཾ,rkts
རབ་རིབ,རབི,rkts
རབ་རིབ,རིབ,rkts
རལ་གྲི,རལྲི,rkts
རིག་ཅན,རིགན,rkts
རིལ་བུ,རིལུ,rkts
རུ་མཚན,རུ༹ན,rkts
རུས་ཅན,རུསན,rkts
རེ་རེར,རཻར,rkts
རེད་དོ,རེདོ,rkts
རོག་གེ,རོགེ,rkts
རོག་གོ,རོགོ,rkts
རོབ་ཙམ,རོབ༹མ,rkts
རོལ་མོ,རོལོཾ,rkts
རོལ་མོ,རོལྨོ,rkts
རྒན་པོ,རྒནོ,rkts
རྒན་མོ,རྒནོཾ,rkts
རྒྱ་གར,རྒྱར,rkts
རྒྱ་ནག,རྒྱག,rkts
རྒྱལ་ས,ངྱལ་ས,rkts
རྒྱས་པ,ངྱས་པ,rkts
རྗེས་མ,རྗེསཾ,rkts
རྟག་ཏུ,རྟགྟུ,rkts
རྣམ་ཐར,རྣཾར,rkts
རྣམ་དག,རྣམག,rkts
རྣམ་དག,རྣཾག,rkts
རྣམ་པར,རྣཾར,rkts
རྨ་ཆེན,རྨེན,rkts
རྨ་མཚན,རྨ༹ན,rkts
རྨི་ལམ,རྨིཾ,rkts
རྩ་ཚིག,རྩགི༹,rkts
རྩེ་མོ,རྩེོ,rkts
རྩེ་མོ,རྩེོཾ,rkts
རྩེ་མོ,རྩོེ,rkts
རྩེ་ལྔ,རྩྔེ,rkts
རྫབ་ཅན,རྫབན,rkts
ལ་སོགས,ལསོ,tibschol
ལ་སོགས,ལསྭོ,tibschol
ལག་གཡས,ལགཡས,rkts
ལག་གིས,ལགིས,rkts
ལག་ལེན,ལགེན,rkts
ལགས་སམ,ལགསཾ,rkts
ལང་འཚོ,ལངོ༹,rkts
ལང་ལིང,ལངི,rkts
ལང་ལོང,ལངོ,rkts
ལབ་ལོབ,ལབོ,rkts
ལམ་མདོ,ལམདོ,rkts
ལམ་མདོ,ལོཾད,rkts
ལམ་ཤེས,ལཾསེ,tibschol
ལས་ཀྱི,ལསྱི,rkts
ལས་བཟང,ལ༹ང,rkts
ལས་བཟང,ལསང,rkts
ལས་བྱང,ལསྱང,rkts
ལས་བྱང,ལྱང,rkts
ལུག་གི,ལུགི,rkts
ལུས་ཅན,ལུསན,rkts
ལེན་དུ,ལེནུ,rkts
ལོ་ལོན,ལཽན,rkts
ལོག་གམ,ལོགཾ,rkts
ལྗང་ནག,ལྗག,rkts
ལྟ་བུས,ལྟུས,rkts
ལྷ་ཆེན,ལྷེན,rkts
ལྷ་མིན,ལྷིན,rkts
ལྷ་རྫས,ལྷ༹ས,rkts
ལྷ་ལྡན,ལྷནྡ,rkts
ལྷ་སྲས,ལྷས,rkts
ལྷག་གི,ལྷགི,rkts
ལྷང་ངེ,ལྷངེ,rkts
ལྷན་ནེ,ལྷནེ,rkts
ལྷམ་མེ,ལྷམེ,rkts
ཤ་འཁོན,ཤཁོན,rkts
ཤ་འཁོན,ཤྑོན,rkts
ཤང་ཤོང,ཤངོ,rkts
ཤབ་ཤུབ,ཤབུ,rkts
ཤམ་ཐབས,ཤམབས,rkts
ཤམ་ཐབས,ཤཾབས,rkts
ཤར་ལྷོ,ཤརྷོ,rkts
ཤར་ལྷོ,ཤྷོར,rkts
ཤར་ཤུར,ཤརུ,rkts
ཤར་ཤོར,ཤརོ,rkts
ཤིན་ཏུ,ཤིནུ,rkts
ཤིན་ཏུ,ཤིནྟུ,rkts
ཤིན་ཏུ,ཤྟིུན,rkts
ཤུལ་ལམ,ཤུལཾ,rkts
ཤེད་བུ,ཤེདུ,rkts
ཤེལ་ཅན,ཤེལན,rkts
ཤེས་བྱ,ཤེསྱ,rkts
ཤེས་བྱ,ཤྱེ,rkts
ཤེས་བྱ,ཤྱེས,rkts
ཤེས་རབ,ཤེབ,rkts
ཤེས་རབ,ཤེསབ,rkts
ཤེས་རབ,ཤྲེབ,rkts
ཤེས་སོ,ཤེསོ,rkts
ཤོག་གུ,ཤོགུ,rkts
ཤོད་དུ,ཤོདུ,rkts
ཤོར་རོ,ཤཽར,rkts
ས་ཚིགས,སི༹ཊ,rkts
ས་འཛིན,སི༹ན,rkts
སིབ་བུ,སིབུ,rkts
སུལ་ལམ,སུལཾ,rkts
སེང་གེ,སེངེ,rkts
སེང་གེ,སེངྒེ,rkts
སེར་ནག,སེརག,rkts
སེར་པོ,སེརོ,rkts
སེར་པོ,སོེར,rkts
སེར་སྣ,སྣེར,rkts
སོ་སོར,སཽར,rkts
སོག་ལེ,སོགེ,rkts
སོས་སོ,སོསོ,rkts
སྐལ་ཆད,སྐལད,rkts
སྐུ་ཚེ,སྐེུ༹,rkts
སྒྲ་བླ,སྒླ,rkts
སྒྲ་ཟླ,སྒླ,rkts
སྔས་སུ,སྔསུ,rkts
སྙམ་མམ,སྙཾམཾ,rkts
སྙམ་མོ,སྙོཾ,rkts
སྡེ་ཚན,སྡེ༹ན,rkts
སྣ་ཆེན,སྣནེ,rkts
སྣང་ངུ,སྣངུ,rkts
སྣམ་བུ,སྣམུ,rkts
སྤེལ་མ,སྤེལཾ,rkts
སྦྲང་མ,སྦྲངཾ,rkts
སྨིན་མ,སྨིནཾ,rkts
སྲས་སུ,སྲསུ,rkts
སླད་དུ,སླདུ,rkts
སླན་ཆད,སླནད,rkts
སླར་ཡང,སླརང,rkts
སློབ་མ,སློབཾ,rkts
ཧན་ཧོན,ཧནོ,rkts
ཧབ་ཧོབ,ཧབོ,rkts
ཧལ་ཁྱི,ཧལྱི,rkts
ཀི་ཀང,ཀྐིང,rkts
ཁ་ཅིག,ཁིག,tibschol
ཁ་དོག,ཁོདག,rkts
ཁ་དོག,ཁྡོག,rkts
ཁ་དྲང,ཁྡྲང,rkts
ཁག་གི,ཁགི,rkts
ཁམས་ན,ཁམསྣ,rkts
ཁུ་ལེ,ཁེུ,rkts
ཁོ་བོ,ཁཽ,rkts
ཁྲིམས,ཁྲིཾས,rkts
གང་བུ,གངུ,rkts
གང་ཟག,གང༹ག,rkts
གང་ཟག,གངག,rkts
གཏའ་མ,གཏའཾ,rkts
གལ་ཏེ,གལྟེ,rkts
གོང་མ,གོངཾ,rkts
གྲོགས,གྲོཊ,rkts
ངུ་ངག,ངུག,rkts
ངོ་བོ,ངཽ,rkts
ངོ་ཚབ,ངོ༹བ,rkts
ཅན་དུ,ཅནུ,rkts
ཅམ་བུ,ཅམུ,rkts
ཆ་ཤེས,ཆེས,rkts
ཆག་ཆག,ཆགག,rkts
ཆག་ཆག,ཆཱག,rkts
ཆུ་བོ,ཆོུ,rkts
ཆོ་ལོ,ཆཽ,rkts
ཇོ་ཇོ,ཇཽ,rkts
ཇོ་བོ,ཇཽ,rkts
ཇོ་མོ,ཇཽ,rkts
ཇོ་མོ,ཇཽམ,rkts
ཇོ་མོ,ཇཽཾ,rkts
ཉག་ཉག,ཉཱག,rkts
ཉམ་ཐག,ཉཾག,rkts
ཉི་ཟླ,ཉླི,rkts
ཉི་ཤུ,ཉིུ,rkts
ཐད་དུ,ཐདུ,rkts
ཐར་ནུ,ཐརུ,rkts
ཐལ་མོ,ཐལོཾ,rkts
ཐིམ་པ,ཐིཾ་པ,rkts
དང་པོ,དངོ,tibschol
དབུ་མ,དབུཾ,rkts
དམ་ཅན,དམ༹ན,rkts
དམ་ཅན,དཾན,rkts
དེ་དག,དེག,rkts
དེ་དག,དེགོང,rkts
ན་ཚོད,ནོ༹ད,rkts
ནག་གི,ནགི,rkts
ནག་ཅན,ནགན,rkts
ནག་པོ,ནགོ,rkts
ནག་པོ,ནོག,rkts
ནག་མོ,ནགོཾ,rkts
ནག་མོ,ནོགམ,rkts
ནགས་མ,ནགསཾ,rkts
ནམ་ཟླ,ནཾཟླ,rkts
ནར་ནར,ནཱར,rkts
ནུ་བོ,ནོུ,rkts
ནུ་མོ,ནོུཾ,rkts
པད་མོ,པདྨོ,rkts
པི་པི,པཱི,rkts
པོ་ཏི,པོི,rkts
ཕ་མེས,ཕེསཾ,rkts
ཕ་རོལ,ཕལོ,rkts
ཕ་རོལ,ཕལྲོ,rkts
ཕ་རོལ,ཕོལ,tibschol
ཕ་རོལ,ཕྲོལ,rkts
ཕན་ནོ,ཕནོ,rkts
ཕུ་བོ,ཕོུ,rkts
ཕྱ་ཚན,ཕྱ༹ན,rkts
ཕྱོགས,ཕྱོཊ,rkts
བན་དེ,བནེ,rkts
བམ་པོ,བོཾ,rkts
བར་ཆད,བརད,rkts
བསྒོམ,བསྒོཾ,rkts
བི་ཊི,བྚི,rkts
བུ་མོ,བུམོ,rkts
བུ་མོ,བོུ,rkts
བུ་མོ,བོུཾ,rkts
བུམ་པ,བུཾ་པ,rkts
བླ་མར,བླཾར,rkts
བླ་མས,བླས,rkts
བླ་མས,བླཾས,rkts
མ་རིག,མྲིག,rkts
མ་ལུས,མུས,rkts
མ་ལུས,མུསླ,rkts
མ་ལུས,མླུས,rkts
མཁྱེན,མྱེན,rkts
མང་ངོ,མངོ,rkts
མཉམ་པ,མཉཾ་པ,rkts
མན་ངག,མངཾག,rkts
མན་ངག,མནག,rkts
མན་ངག,མནངག,rkts
མན་ངག,མྔཾག,rkts
མན་ཆད,མནད,rkts
མན་དུ,མནུ,rkts
མཚན་མ,མ༹ནཾ,rkts
མཚན་མ,མཚནཾ,rkts
མར་མེ,མརེ,rkts
མར་མེ,མེར,rkts
མུ་གེ,མེུ,rkts
མུ་གེ,མེུགས,rkts
མེ་མོ,མེོ,rkts
མེ་ལྷ,མྷེ,rkts
མྱ་ངན,མྱངན,rkts
མྱ་ངན,མྱན,rkts
མྱ་ངན,མྱཾན,rkts
ཙན་དན,ཙྡན,rkts
ཙབ་ཙབ,ཙཱབ,rkts
ཚད་ཡས,ཚདས,rkts
ཚར་བུ,ཚརུ,rkts
ཚེ་ཚད,ཚེད,rkts
ཚེ་ཚེ,ཚཻ,rkts
ཚེར་མ,ཚེརཾ,rkts
ཝལ་ལེ,ཝལེ,rkts
ཞབས་མ,ཞབསཾ,rkts
ཞལ་ཟས,ཞ༹ས,rkts
ཞལ་ཟས,ཞལ༹ས,rkts
ཞལ་ཟས,ཞལས,rkts
ཞལ་ཟས,ཞཾལས,rkts
ཞལ་ལག,ཞལག,rkts
ཞལ་ལྔ,ཞལྔ,rkts
ཞུ་བར,ཞུར,rkts
ཟད་དེ,ཟདེ,rkts
ཟབ་མོ,ཟབོཾ,rkts
ཟས་སུ,ཟསུ,rkts
ཟིལ་མ,ཟིལཾ,rkts
ཟླ་གམ,ཟླཾ,rkts
ཟླ་བོ,ཟློ,rkts
འཁྱམས,འཁྱཾས,rkts
འཇོམས,འཇོཾས,rkts
འོག་མ,འོགཾ,rkts
ཡ་མཚན,ཡ༹ན,rkts
ཡང་དག,ཡངདག,rkts
ཡང་དག,ཡྡཾག,rkts
ཡང་དག,ཡྲཾག,rkts
ཡང་དག,ཡླཾག,rkts
ཡང་ཡང,ཡངང,rkts
ཡང་ཡང,ཡཱང,rkts
ཡན་ཆད,ཡནད,rkts
ཡན་དུ,ཡནུ,rkts
ཡན་ལག,ཡནག,rkts
ཡན་ལག,ཡནླག,rkts
ཡན་ལག,ཡྣག,tibschol
ཡན་ལག,ཡླག,rkts
ཡམ་བུ,ཡུཾ,rkts
ཡལ་ཡལ,ཡལལ,rkts
ཡལ་ཡལ,ཡཱལ,rkts
ཡི་གེ,ཡིགེ,rkts
ཡི་གེ,ཡིེ,rkts
ཡི་དམ,ཡི་དཾ,rkts
ཡི་དམ,ཡིདཾ,rkts
ཡུར་མ,ཡུརཾ,rkts
རང་གི,རངི,rkts
རང་ཅག,རངག,rkts
རང་རང,རངང,rkts
རབ་ཆད,རབད,rkts
རམ་བུ,རམུ,rkts
རི་བོ,རིོ,rkts
རི་བོ,རོི,rkts
རི་རབ,རིབ,rkts
རིལ་མ,རིལཾ,rkts
རེ་རལ,རེལ,rkts
རེ་རེ,རཻ,rkts
རྒ་ཤི,རྒི,rkts
རྒྱུད,ངྱུད,rkts
རྒྱུན,ངྱུན,rkts
རྨ་བྱ,རྨྱ,rkts
རྫོགས,རྫོཊ,rkts
ལ་དོན,ལདོན,rkts
ལ་བཙས,ལ༹ས,rkts
ལག་གི,ལགི,rkts
ལན་བུ,ལནུ,rkts
ལན་ཚར,ལན༹ར,rkts
ལན་ཚྭ,ལནྭ༹,rkts
ལས་ཚན,ལས༹ན,rkts
ལས་སླ,ལསླ,rkts
ལིང་ག,ལིངྒ,rkts
ལེ་ཚན,ལེ༹ན,rkts
ལེ་ལག,ལེག,rkts
ལེ་ལོ,ལེོ,rkts
ལྔ་ཚན,ལྔ༹ན,rkts
ལྟ་བུ,ལྟུ,rkts
ལྷ་མོ,ལྷོཾ,rkts
ལྷག་མ,ལྷགཾ,rkts
ཤ་ཁྲག,ཤྲག,rkts
ཤར་རི,ཤརི,rkts
ཤར་ཤར,ཤརར,rkts
ས་བོན,སོན,rkts
སོ་སོ,སཽ,rkts
སྐར་མ,སྐརྨ,rkts
སྐར་མ,སྐཾར,rkts
སྙོམས,སྙོཾས,rkts
སྣར་མ,སྣརྨ,rkts
སྲན་མ,སྲནཾ,rkts
ཨ་ཡིས,ཨས,tibschol
ཨག་ནེ,ཨགྣེ,rkts
ཨར་ལས,ཨརས,rkts
ཨེ་ཨེ,ཨཻ,rkts
ཨོ་ཨོ,ཨཽ,rkts
ཀུནུ,ཀུན་ཏུ,rkts
ཁྱིམ,ཁྱིཾ,rkts
ཁྲོམ,ཁྲོཾ,rkts
གདམས,གདཾས,rkts
གཡོན,ཡྱོན,rkts
གསུམ,གསུཾ,rkts
གསོལ,སྱོལ,rkts
ཆ་ཤས,ཆས,rkts
ཆོ་ག,ཆྒོ,rkts
ཉི་མ,ཉིཾ,rkts
ཉི་མ,ཉྨི,rkts
ཐང་མ,ཐངཾ,rkts
ཐམ་པ,ཐཾ་པ,rkts
ཐམ་པ,ཐཾཔ,rkts
ཐུགས,ཐུཊ,rkts
དངོམ,དངོཾ,rkts
ན་རེ,ནེ,rkts
ན་རེ,ནྲེ,rkts
པད་མ,པདྨ,rkts
ཕམ་པ,ཕཾ་པ,rkts
ཕོ་ཉ,ཕྙོ,rkts
བཞིན,༤ན,rkts
བུ་ཚ,བུ༹,rkts
བྱམས,བྱཾས,rkts
བླ་མ,བླཾ,rkts
མཆོག,ཆྱོ,rkts
མཆོག,མཆྱོ,rkts
མཆོད,ཆྱོད,rkts
མཚམས,མ༹ཾས,rkts
མཚམས,མཚཾས,rkts
མཚོན,མ༹ནོ,rkts
མཛེས,མེ༹ས,rkts
མཛོད,མ༹དོ,rkts
ཚད་མ,ཚདཾ,rkts
ཚད་མ,ཚྨད,rkts
ཝ་ཅན,ཝན,rkts
ཝ་ལེ,ཝལེ,rkts
འབུམ,འབུཾ,rkts
འཚམས,འཚཾས,rkts
འཛིན,འི༹ན,rkts
འོ་མ,འོཾ,rkts
ཡ་ཡོ,ཡྱོ,rkts
རོ་ཙ,རོ༹,rkts
རྒྱག,ངྱག,rkts
རྔམས,རྔཾས,rkts
རྣམས,རྣསཾ,rkts
རྣམས,རྣཾས,rkts
ལ་ཏུ,ལཏུ,rkts
ལེགས,ལེཊ,rkts
ལྕགས,ལྕཊ,rkts
ལྡེམ,ལྡེཾ,rkts
ལྷྱས,ལྷན་རྒྱས,rkts
སེམས,སེསཾ,rkts
སེམས,སེཾས,rkts
སེམས,སྶེ,rkts
སོགས,སོཊ,rkts
སོམས,སོཾས,rkts
སྒོམ,སྒོཾ,rkts
སྔགས,སྔཊ,rkts
སྡོམ,སྡོཾ,rkts
ཁམས,ཁཾས,rkts
ཁོམ,ཁོཾ,rkts
གཏམ,གཏཾ,rkts
གནམ,གནཾ,rkts
ཆོམ,ཆོཾ,rkts
ཇ་མ,ཇཾ,rkts
ཉམས,ཉཾས,rkts
དམར,དཾར,rkts
ནམས,ནཾས,rkts
པའི,པཱི,rkts
བཙན,བ༹ན,rkts
བསམ,བསཾ,rkts
མ་མ,མཱ,rkts
མཚན,མ༹ན,rkts
མཛད,མ༹ད,rkts
མེད,ཎ,tibschol
ཞིམ,ཞིཾ,rkts
ཟུམ,ཟུཾ,rkts
འཇམ,འཇཾ,rkts
འདམ,འདཾ,rkts
འཛད,འ༹ད,rkts
ཡུམ,ཡུཾ,rkts
རུམ,རུཾ,rkts
ལྷག,ལྷྒ,rkts
སྙམ,སྙཾ,rkts
སྲམ,སྲཾ,rkts
ཧ་ཧ,ཧཱ,rkts
ཁམ,ཁཾ,rkts
གམ,གཾ,rkts
ཆད,ཆྡ,rkts
དམ,དཾ,rkts
ནམ,ནཾ,rkts
མམ,མཾ,rkts
ཙམ,ཙཾ,rkts
ལམ,ལཾ,rkts
